Sequence,rk
AAAAAA,1.61889499
AAAAAC,2.846919913
AAAAAG,1
AAAAAU,3.978886809
AAAACA,3.525439004
AAAACC,3.142456527
AAAACG,1.931664188
AAAACU,3.977920125
AAAAGA,2.652392026
AAAAGC,1.96208092
AAAAGG,0.439979551
AAAAGU,3.266116789
AAAAUA,3.017878648
AAAAUC,4.265516649
AAAAUG,1.190909803
AAAAUU,4.823572988
AAACAA,1.99198978
AAACAC,3.597014308
AAACAG,1.166000009
AAACAU,4.773264314
AAACCA,3.307974189
AAACCC,4.15586019
AAACCG,2.969257907
AAACCU,4.076344774
AAACGA,2.506737318
AAACGC,2.950179178
AAACGG,0.289215236
AAACGU,4.044315726
AAACUA,2.150805469
AAACUC,3.209603364
AAACUG,0.898028365
AAACUU,2.767764345
AAAGAA,2.68832514
AAAGAC,1.255457194
AAAGAG,1.141685058
AAAGAU,3.818744797
AAAGCA,2.959368152
AAAGCC,0.47755752
AAAGCG,1.806170571
AAAGCU,0.485359705
AAAGGA,0.923698777
AAAGGC,0.747042527
AAAGGG,0.502813629
AAAGGU,1.083474115
AAAGUA,3.77845043
AAAGUC,3.826166004
AAAGUG,0.500547381
AAAGUU,4.065376297
AAAUAA,2.812168717
AAAUAC,3.713300144
AAAUAG,0.836049784
AAAUAU,4.974534547
AAAUCA,5.156372011
AAAUCC,4.934328624
AAAUCG,3.218591571
AAAUCU,5.580579708
AAAUGA,3.062649801
AAAUGC,3.303555522
AAAUGG,0.532036296
AAAUGU,3.598162276
AAAUUA,3.681387044
AAAUUC,4.188159884
AAAUUG,1.314284263
AAAUUU,5.455441597
AACAAA,2.40461637
AACAAC,2.90524201
AACAAG,1.058524255
AACAAU,5.334984188
AACACA,4.346471246
AACACC,4.305468073
AACACG,2.78179253
AACACU,4.721102039
AACAGA,1.916716027
AACAGC,2.7103998
AACAGG,0.726982981
AACAGU,3.685472438
AACAUA,4.233118701
AACAUC,4.738302865
AACAUG,1.030252839
AACAUU,5.753007666
AACCAA,1.447139029
AACCAC,2.913033132
AACCAG,0.6791351
AACCAU,4.396356652
AACCCA,3.880889844
AACCCC,4.089403982
AACCCG,2.459909554
AACCCU,4.823339519
AACCGA,2.062403753
AACCGC,2.850138409
AACCGG,0.132253993
AACCGU,3.862957644
AACCUA,2.226704225
AACCUC,3.77152886
AACCUG,0.123396225
AACCUU,3.981668865
AACGAA,2.632310203
AACGAC,1.542331694
AACGAG,0.449900527
AACGAU,4.826606263
AACGCA,3.791931063
AACGCC,1.110016044
AACGCG,1.549582666
AACGCU,1.380691205
AACGGA,1.052614995
AACGGC,0.803090843
AACGGG,0.459837882
AACGGU,0.965787681
AACGUA,3.824661278
AACGUC,3.456222474
AACGUG,0.483729489
AACGUU,4.325281445
AACUAA,1.981785654
AACUAC,1.53602758
AACUAG,0.749039846
AACUAU,2.860301045
AACUCA,5.13064827
AACUCC,4.535838309
AACUCG,3.976339912
AACUCU,4.644164475
AACUGA,0.64564668
AACUGC,1.849542923
AACUGG,0.119492573
AACUGU,1.951229768
AACUUA,1.322451682
AACUUC,3.536053061
AACUUG,1.055883756
AACUUU,3.91136278
AAGAAA,1.660397134
AAGAAC,2.403763893
AAGAAG,0.905820327
AAGAAU,4.05113306
AAGACA,1.62281749
AAGACC,1.212462439
AAGACG,0.71318865
AAGACU,0.413587609
AAGAGA,1.182352677
AAGAGC,1.116861484
AAGAGG,0.283315181
AAGAGU,1.93541461
AAGAUA,2.825726099
AAGAUC,2.916817138
AAGAUG,0.779133063
AAGAUU,3.651942995
AAGCAA,1.243068169
AAGCAC,2.284273238
AAGCAG,1.14300255
AAGCAU,3.516346017
AAGCCA,0.75196214
AAGCCC,2.084409579
AAGCCG,0.75456745
AAGCCU,1.161946837
AAGCGA,1.310908954
AAGCGC,1.845829867
AAGCGG,0.590501786
AAGCGU,2.738326862
AAGCUA,0.313162071
AAGCUC,1.826744213
AAGCUG,-0.071213192
AAGCUU,1.750390118
AAGGAA,0.79687203
AAGGAC,1.06549662
AAGGAG,0.512996784
AAGGAU,1.158329244
AAGGCA,0.839311855
AAGGCC,0.791885124
AAGGCG,0.689769936
AAGGCU,0.548586399
AAGGGA,0.514178589
AAGGGC,0.665659575
AAGGGG,0.241669826
AAGGGU,0.532964581
AAGGUA,0.858385014
AAGGUC,0.564141434
AAGGUG,0.35218983
AAGGUU,1.588392642
AAGUAA,2.316745931
AAGUAC,2.962902919
AAGUAG,0.409858042
AAGUAU,4.989798611
AAGUCA,3.938417566
AAGUCC,1.308425033
AAGUCG,2.854078281
AAGUCU,2.537781291
AAGUGA,1.313053886
AAGUGC,1.704714812
AAGUGG,0.287955817
AAGUGU,2.01317508
AAGUUA,2.061902945
AAGUUC,3.788965931
AAGUUG,0.693191606
AAGUUU,4.786895211
AAUAAA,2.522785042
AAUAAC,3.668860879
AAUAAG,1.31129119
AAUAAU,4.99913472
AAUACA,5.345900641
AAUACC,5.371717064
AAUACG,3.089644431
AAUACU,5.705122343
AAUAGA,2.716987895
AAUAGC,2.988577539
AAUAGG,0.441948432
AAUAGU,4.308212528
AAUAUA,4.228031959
AAUAUC,4.92733308
AAUAUG,1.282747585
AAUAUU,6.13182084
AAUCAA,2.972426047
AAUCAC,4.22380192
AAUCAG,1.822607921
AAUCAU,6.53367286
AAUCCA,4.713027743
AAUCCC,5.206328649
AAUCCG,3.802395035
AAUCCU,5.446744067
AAUCGA,3.641852419
AAUCGC,4.7036107
AAUCGG,0.464630586
AAUCGU,5.147906307
AAUCUA,3.696027228
AAUCUC,4.66346715
AAUCUG,1.352949956
AAUCUU,4.80559081
AAUGAA,3.34257458
AAUGAC,2.032844761
AAUGAG,1.049231356
AAUGAU,4.529479907
AAUGCA,4.037770362
AAUGCC,1.048464603
AAUGCG,2.070783735
AAUGCU,1.496951086
AAUGGA,0.632770806
AAUGGC,1.100189565
AAUGGG,0.623603126
AAUGGU,0.931364452
AAUGUA,4.302831142
AAUGUC,4.429150163
AAUGUG,0.995624587
AAUGUU,3.543067218
AAUUAA,3.12423524
AAUUAC,3.997988472
AAUUAG,0.626578182
AAUUAU,5.594541923
AAUUCA,6.381489724
AAUUCC,6.063729671
AAUUCG,3.548756151
AAUUCU,6.738994218
AAUUGA,2.956657739
AAUUGC,4.030515824
AAUUGG,0.492483117
AAUUGU,4.256518298
AAUUUA,4.228763182
AAUUUC,5.299652436
AAUUUG,1.572504368
AAUUUU,6.061391686
ACAAAA,1.054211334
ACAAAC,1.364132302
ACAAAG,0.916916905
ACAAAU,2.566554968
ACAACA,2.570038467
ACAACC,1.691386712
ACAACG,1.51898546
ACAACU,3.073151489
ACAAGA,1.493945203
ACAAGC,1.216667402
ACAAGG,0.052041909
ACAAGU,2.302916638
ACAAUA,2.335675929
ACAAUC,2.796694683
ACAAUG,0.631169299
ACAAUU,3.213596108
ACACAA,1.860396426
ACACAC,2.308292406
ACACAG,1.135525812
ACACAU,3.196681838
ACACCA,2.298254882
ACACCC,2.544230154
ACACCG,1.856536964
ACACCU,3.106082718
ACACGA,2.139338004
ACACGC,2.307016693
ACACGG,0.297507707
ACACGU,2.888120785
ACACUA,2.778262061
ACACUC,2.957104569
ACACUG,0.674424407
ACACUU,4.097213026
ACAGAA,0.735719517
ACAGAC,1.333413901
ACAGAG,0.474340335
ACAGAU,1.94960574
ACAGCA,2.237795487
ACAGCC,0.660577552
ACAGCG,0.748504644
ACAGCU,0.292801474
ACAGGA,1.078241231
ACAGGC,0.287152798
ACAGGG,0.560687969
ACAGGU,0.850671006
ACAGUA,2.318806705
ACAGUC,2.587668976
ACAGUG,0.402355073
ACAGUU,2.749665296
ACAUAA,1.619586026
ACAUAC,3.172878345
ACAUAG,1.065973137
ACAUAU,3.401045181
ACAUCA,3.536227
ACAUCC,3.242639873
ACAUCG,2.28974403
ACAUCU,4.616639777
ACAUGA,1.810218519
ACAUGC,2.174621205
ACAUGG,0.010040508
ACAUGU,2.765912446
ACAUUA,2.349662335
ACAUUC,4.126957082
ACAUUG,0.776355417
ACAUUU,4.150583599
ACCAAA,1.045664875
ACCAAC,1.514634696
ACCAAG,0.301926332
ACCAAU,2.34360727
ACCACA,3.288645836
ACCACC,3.25655239
ACCACG,1.816775185
ACCACU,2.962990089
ACCAGA,0.356370378
ACCAGC,0.910617605
ACCAGG,0.538523155
ACCAGU,1.123673455
ACCAUA,2.718539727
ACCAUC,3.308109629
ACCAUG,0.223000838
ACCAUU,3.487891911
ACCCAA,0.598829358
ACCCAC,2.353178272
ACCCAG,0.098214797
ACCCAU,2.193247544
ACCCCA,0.754823866
ACCCCC,2.674398409
ACCCCG,1.43880301
ACCCCU,3.318389995
ACCCGA,1.905454213
ACCCGC,1.890876853
ACCCGG,0.585149832
ACCCGU,2.453655316
ACCCUA,2.428135177
ACCCUC,2.868777629
ACCCUG,0.53035164
ACCCUU,3.626823415
ACCGAA,0.49814031
ACCGAC,1.534442458
ACCGAG,0.094711576
ACCGAU,2.886732927
ACCGCA,2.222654439
ACCGCC,-0.062719669
ACCGCG,1.432721449
ACCGCU,0.714278474
ACCGGA,1.001813009
ACCGGC,0.703812978
ACCGGG,0.494308964
ACCGGU,1.168062665
ACCGUA,2.686356299
ACCGUC,2.951460036
ACCGUG,0.45943262
ACCGUU,3.152838113
ACCUAA,1.585095699
ACCUAC,2.238361022
ACCUAG,0.926581429
ACCUAU,2.735006369
ACCUCA,3.982265321
ACCUCC,3.766522245
ACCUCG,2.402172823
ACCUCU,2.933055631
ACCUGA,1.555682863
ACCUGC,2.174113932
ACCUGG,0.445997958
ACCUGU,2.702121594
ACCUUA,2.026071304
ACCUUC,3.974598716
ACCUUG,0.93036967
ACCUUU,4.161960274
ACGAAA,0.753269484
ACGAAC,1.404719696
ACGAAG,0.391629773
ACGAAU,2.141714739
ACGACA,2.174981512
ACGACC,1.452537526
ACGACG,0.806727711
ACGACU,1.825732722
ACGAGA,1.32331367
ACGAGC,0.524404319
ACGAGG,0.315565487
ACGAGU,1.668088784
ACGAUA,1.381434623
ACGAUC,2.663755003
ACGAUG,0.032007278
ACGAUU,2.784905106
ACGCAA,1.656114309
ACGCAC,2.157389115
ACGCAG,0.682589986
ACGCAU,3.088611687
ACGCCA,1.524659139
ACGCCC,1.982472856
ACGCCG,1.237784943
ACGCCU,1.03131616
ACGCGA,1.790003695
ACGCGC,2.196145778
ACGCGG,0.067665955
ACGCGU,2.046613093
ACGCUA,0.719008083
ACGCUC,0.627978005
ACGCUG,0.307665043
ACGCUU,2.011857734
ACGGAA,0.83498598
ACGGAC,1.121972394
ACGGAG,0.001600861
ACGGAU,1.861863312
ACGGCA,0.80134573
ACGGCC,0.265631928
ACGGCG,0.807084221
ACGGCU,0.842100957
ACGGGA,0.660286204
ACGGGC,0.695294581
ACGGGG,-0.016919342
ACGGGU,0.43263767
ACGGUA,1.072440499
ACGGUC,0.965293554
ACGGUG,0.184407712
ACGGUU,1.449957931
ACGUAA,1.827467949
ACGUAC,2.250907284
ACGUAG,0.765688616
ACGUAU,2.882189858
ACGUCA,3.470464636
ACGUCC,2.524336036
ACGUCG,1.253421813
ACGUCU,3.468970684
ACGUGA,1.164679736
ACGUGC,1.062795788
ACGUGG,0.522403943
ACGUGU,1.484074249
ACGUUA,1.716549928
ACGUUC,2.930929402
ACGUUG,0.140253549
ACGUUU,3.433791589
ACUAAA,0.555177789
ACUAAC,1.767239582
ACUAAG,-0.113615492
ACUAAU,2.163885088
ACUACA,2.250087412
ACUACC,2.073886861
ACUACG,1.983857199
ACUACU,2.701761167
ACUAGA,1.593219568
ACUAGC,1.551394958
ACUAGG,0.461731323
ACUAGU,1.285042359
ACUAUA,1.845454806
ACUAUC,3.001279041
ACUAUG,0.34568258
ACUAUU,2.915178895
ACUCAA,1.236718992
ACUCAC,2.065477055
ACUCAG,0.981155478
ACUCAU,2.542514814
ACUCCA,2.188213064
ACUCCC,2.832731991
ACUCCG,2.221379662
ACUCCU,2.605252593
ACUCGA,2.234313117
ACUCGC,2.708076427
ACUCGG,-0.030521093
ACUCGU,2.516671453
ACUCUA,2.253425014
ACUCUC,3.557570864
ACUCUG,0.720224818
ACUCUU,3.679250914
ACUGAA,0.698445525
ACUGAC,0.715118098
ACUGAG,-0.174149896
ACUGAU,1.206018205
ACUGCA,1.472312113
ACUGCC,1.091514056
ACUGCG,0.824553661
ACUGCU,1.140155803
ACUGGA,0.517031672
ACUGGC,0.720908248
ACUGGG,0.335201835
ACUGGU,0.663180759
ACUGUA,1.409578438
ACUGUC,2.186272471
ACUGUG,0.496122135
ACUGUU,2.490675735
ACUUAA,0.391307316
ACUUAC,1.707944727
ACUUAG,0.195278692
ACUUAU,0.781908623
ACUUCA,1.543739496
ACUUCC,1.985925215
ACUUCG,1.527243481
ACUUCU,2.110832103
ACUUGA,0.777938888
ACUUGC,1.436022881
ACUUGG,0.362443597
ACUUGU,0.624239734
ACUUUA,0.823689692
ACUUUC,2.340154371
ACUUUG,-0.154736236
ACUUUU,1.903697074
AGAAAA,0.792024692
AGAAAC,1.84534656
AGAAAG,0.596240944
AGAAAU,2.554021556
AGAACA,1.277523802
AGAACC,1.349068398
AGAACG,0.912028678
AGAACU,2.367454964
AGAAGA,1.054818589
AGAAGC,1.049142612
AGAAGG,0.331008074
AGAAGU,2.169330302
AGAAUA,1.554649594
AGAAUC,2.146145641
AGAAUG,0.50256048
AGAAUU,2.295095412
AGACAA,0.767504476
AGACAC,1.731488191
AGACAG,0.159906722
AGACAU,1.93535676
AGACCA,0.412102542
AGACCC,1.849657498
AGACCG,0.55658256
AGACCU,1.36424265
AGACGA,0.816873953
AGACGC,0.537219645
AGACGG,0.244531105
AGACGU,1.421788939
AGACUA,0.712139809
AGACUC,1.248926882
AGACUG,-0.045285384
AGACUU,0.301537773
AGAGAA,0.852554632
AGAGAC,0.549700478
AGAGAG,0.747459991
AGAGAU,1.455516708
AGAGCA,0.663903487
AGAGCC,0.192857161
AGAGCG,0.87880334
AGAGCU,-0.132069677
AGAGGA,0.150245495
AGAGGC,0.400224303
AGAGGG,0.43095527
AGAGGU,0.784654338
AGAGUA,1.231557311
AGAGUC,2.391412995
AGAGUG,0.637845041
AGAGUU,1.352544407
AGAUAA,1.214985336
AGAUAC,0.886507234
AGAUAG,0.429669332
AGAUAU,2.117774243
AGAUCA,2.405264758
AGAUCC,3.057413118
AGAUCG,1.314052978
AGAUCU,1.470531954
AGAUGA,1.26786307
AGAUGC,1.412703109
AGAUGG,0.13919954
AGAUGU,1.820456144
AGAUUA,2.080572977
AGAUUC,2.450068197
AGAUUG,0.459253757
AGAUUU,2.219882385
AGCAAA,0.602925122
AGCAAC,1.156427923
AGCAAG,0.347624556
AGCAAU,1.395107471
AGCACA,1.774985805
AGCACC,2.142410089
AGCACG,0.934791005
AGCACU,1.680237178
AGCAGA,0.875625802
AGCAGC,1.239677421
AGCAGG,0.348246691
AGCAGU,1.30656246
AGCAUA,1.020487003
AGCAUC,1.553781263
AGCAUG,0.4196295
AGCAUU,1.975758981
AGCCAA,0.418318823
AGCCAC,0.77127739
AGCCAG,0.428963817
AGCCAU,1.793196326
AGCCCA,1.106807389
AGCCCC,1.087623092
AGCCCG,1.129790057
AGCCCU,1.391569824
AGCCGA,1.341091415
AGCCGC,0.16827438
AGCCGG,0.125676215
AGCCGU,0.164583844
AGCCUA,0.592622852
AGCCUC,0.95038609
AGCCUG,0.590888912
AGCCUU,1.159038607
AGCGAA,0.373266545
AGCGAC,0.495105819
AGCGAG,-0.079523258
AGCGAU,0.45633758
AGCGCA,1.44720852
AGCGCC,0.732612607
AGCGCG,1.082709715
AGCGCU,0.725900564
AGCGGA,0.492647622
AGCGGC,0.849708722
AGCGGG,-0.027525128
AGCGGU,0.969343105
AGCGUA,0.572423391
AGCGUC,1.707870929
AGCGUG,-0.05009603
AGCGUU,1.040932032
AGCUAA,0.410558804
AGCUAC,-1.936941614
AGCUAG,0.07468332
AGCUAU,0.078719314
AGCUCA,0.613912035
AGCUCC,-0.076958678
AGCUCG,0.392415366
AGCUCU,0.717893386
AGCUGA,0.17324615
AGCUGC,0.025954804
AGCUGG,-0.033454375
AGCUGU,0.476837592
AGCUUA,0.347170621
AGCUUC,0.559598762
AGCUUG,0.112878747
AGCUUU,0.750510721
AGGAAA,0.607952461
AGGAAC,0.753637667
AGGAAG,0.192514719
AGGAAU,1.273669548
AGGACA,1.240846084
AGGACC,1.3190865
AGGACG,0.469637143
AGGACU,0.941508275
AGGAGA,0.6029181
AGGAGC,0.922665082
AGGAGG,0.380210354
AGGAGU,1.175638729
AGGAUA,0.680970529
AGGAUC,1.849797104
AGGAUG,0.215964616
AGGAUU,0.96302438
AGGCAA,0.954978792
AGGCAC,0.811050293
AGGCAG,0.524392227
AGGCAU,1.508731868
AGGCCA,0.142875217
AGGCCC,0.536870399
AGGCCG,0.319380261
AGGCCU,0.773023934
AGGCGA,0.635864424
AGGCGC,1.318653816
AGGCGG,0.298316056
AGGCGU,1.601843067
AGGCUA,0.513951381
AGGCUC,0.954873567
AGGCUG,0.343971836
AGGCUU,1.155436568
AGGGAA,0.606942754
AGGGAC,0.686302641
AGGGAG,0.282437408
AGGGAU,0.875050209
AGGGCA,0.471548557
AGGGCC,0.879664993
AGGGCG,0.592947157
AGGGCU,1.22832737
AGGGGA,0.257299005
AGGGGC,0.664593493
AGGGGG,0.860395073
AGGGGU,0.387396152
AGGGUA,0.262547882
AGGGUC,0.936787705
AGGGUG,0.270545999
AGGGUU,0.956015455
AGGUAA,0.810009941
AGGUAC,1.066544782
AGGUAG,0.668240181
AGGUAU,1.278559443
AGGUCA,0.541005087
AGGUCC,1.025319533
AGGUCG,0.726679331
AGGUCU,1.534007873
AGGUGA,0.60743662
AGGUGC,1.416304645
AGGUGG,-0.012465976
AGGUGU,1.187617666
AGGUUA,1.13614811
AGGUUC,1.684109601
AGGUUG,0.263898577
AGGUUU,1.820610123
AGUAAA,0.63559989
AGUAAC,1.644809646
AGUAAG,0.541162064
AGUAAU,1.482667284
AGUACA,1.874677598
AGUACC,2.580736698
AGUACG,0.935773097
AGUACU,1.393555295
AGUAGA,1.240624211
AGUAGC,1.619352355
AGUAGG,0.505170997
AGUAGU,1.494874766
AGUAUA,1.403261315
AGUAUC,2.708731124
AGUAUG,0.862666758
AGUAUU,2.361192258
AGUCAA,0.85635064
AGUCAC,1.304913253
AGUCAG,-0.072407731
AGUCAU,1.921338619
AGUCCA,1.667339391
AGUCCC,2.66821737
AGUCCG,1.336757418
AGUCCU,1.561986198
AGUCGA,1.482137546
AGUCGC,1.622103511
AGUCGG,0.370611378
AGUCGU,2.253606272
AGUCUA,0.302837063
AGUCUC,1.50537408
AGUCUG,0.734806576
AGUCUU,1.95432482
AGUGAA,0.851851158
AGUGAC,0.420033225
AGUGAG,0.218471173
AGUGAU,0.452184525
AGUGCA,1.38126106
AGUGCC,0.192998859
AGUGCG,0.80106573
AGUGCU,1.288276092
AGUGGA,0.41419732
AGUGGC,0.343214175
AGUGGG,0.198727676
AGUGGU,0.565393354
AGUGUA,1.387095406
AGUGUC,1.637592779
AGUGUG,0.710343745
AGUGUU,1.812528807
AGUUAA,0.463579577
AGUUAC,-0.233625242
AGUUAG,0.015222986
AGUUAU,0.456716094
AGUUCA,2.693145384
AGUUCC,2.101455093
AGUUCG,1.749602074
AGUUCU,1.799123306
AGUUGA,0.94281137
AGUUGC,0.933658599
AGUUGG,0.15513186
AGUUGU,1.420189106
AGUUUA,1.271245317
AGUUUC,2.242765558
AGUUUG,0.644315219
AGUUUU,1.914314385
AUAAAA,2.137155158
AUAAAC,2.534771298
AUAAAG,1.056464697
AUAAAU,4.877817877
AUAACA,4.555082086
AUAACC,3.841947468
AUAACG,2.286665077
AUAACU,4.994795427
AUAAGA,2.778315076
AUAAGC,2.905569676
AUAAGG,0.417090874
AUAAGU,4.115000095
AUAAUA,3.44761994
AUAAUC,4.747452022
AUAAUG,1.082898512
AUAAUU,5.536674899
AUACAA,3.005263159
AUACAC,3.477950848
AUACAG,1.108639306
AUACAU,5.186186904
AUACCA,3.630020978
AUACCC,4.934661165
AUACCG,3.856865423
AUACCU,5.820982671
AUACGA,3.434239004
AUACGC,3.373674632
AUACGG,0.27632541
AUACGU,3.965334897
AUACUA,3.160324717
AUACUC,3.884270361
AUACUG,1.202282655
AUACUU,3.233866272
AUAGAA,2.585251522
AUAGAC,0.779706166
AUAGAG,1.416208322
AUAGAU,2.655273055
AUAGCA,2.656054377
AUAGCC,0.473679117
AUAGCG,2.124394977
AUAGCU,0.264772652
AUAGGA,1.59832553
AUAGGC,0.671129565
AUAGGG,0.505237078
AUAGGU,1.284533804
AUAGUA,4.016521562
AUAGUC,4.190372054
AUAGUG,0.618177219
AUAGUU,4.157911874
AUAUAA,2.857860295
AUAUAC,3.713063297
AUAUAG,1.140480513
AUAUAU,5.877672394
AUAUCA,6.456032563
AUAUCC,5.666145372
AUAUCG,4.122489894
AUAUCU,6.237097882
AUAUGA,3.130228401
AUAUGC,2.893740884
AUAUGG,0.337579338
AUAUGU,4.013443659
AUAUUA,3.937983866
AUAUUC,4.836102315
AUAUUG,1.122482458
AUAUUU,5.976348871
AUCAAA,2.688003604
AUCAAC,3.404208026
AUCAAG,1.455150734
AUCAAU,5.479372419
AUCACA,5.32830583
AUCACC,5.097074336
AUCACG,3.531415883
AUCACU,5.525854822
AUCAGA,1.18989486
AUCAGC,3.223072869
AUCAGG,0.97356053
AUCAGU,3.473758822
AUCAUA,4.259828215
AUCAUC,4.792401632
AUCAUG,1.365670054
AUCAUU,5.753108881
AUCCAA,2.047532729
AUCCAC,3.425970391
AUCCAG,0.406768458
AUCCAU,5.428674636
AUCCCA,5.412884464
AUCCCC,5.459358518
AUCCCG,3.012914145
AUCCCU,5.897890515
AUCCGA,3.537068387
AUCCGC,3.644551809
AUCCGG,0.633373377
AUCCGU,4.555964731
AUCCUA,3.2009812
AUCCUC,4.692317307
AUCCUG,0.708005303
AUCCUU,5.129685429
AUCGAA,3.250913323
AUCGAC,2.910410976
AUCGAG,1.366940083
AUCGAU,5.062214274
AUCGCA,4.374199928
AUCGCC,0.88579351
AUCGCG,2.556183264
AUCGCU,0.966655865
AUCGGA,1.135043107
AUCGGC,1.076087856
AUCGGG,0.111129986
AUCGGU,1.337147267
AUCGUA,4.766764979
AUCGUC,4.81191532
AUCGUG,0.618998974
AUCGUU,5.180526071
AUCUAA,2.350630065
AUCUAC,1.263749041
AUCUAG,1.133829378
AUCUAU,3.291583973
AUCUCA,5.758822364
AUCUCC,5.238449516
AUCUCG,3.637480439
AUCUCU,6.269280231
AUCUGA,2.286685804
AUCUGC,2.920158696
AUCUGG,-0.255390861
AUCUGU,4.107575842
AUCUUA,1.557375796
AUCUUC,4.761521431
AUCUUG,0.97558434
AUCUUU,4.84037512
AUGAAA,1.817446519
AUGAAC,2.37460353
AUGAAG,1.065881753
AUGAAU,3.890977241
AUGACA,2.430484699
AUGACC,2.309815782
AUGACG,1.581238549
AUGACU,0.878617073
AUGAGA,1.309664463
AUGAGC,0.392551622
AUGAGG,0.186777913
AUGAGU,1.738593344
AUGAUA,2.943889204
AUGAUC,3.168201849
AUGAUG,1.031128941
AUGAUU,3.824430003
AUGCAA,1.67325903
AUGCAC,3.04959395
AUGCAG,0.77557352
AUGCAU,3.68294004
AUGCCA,0.813303695
AUGCCC,2.654432045
AUGCCG,1.438378955
AUGCCU,1.084739371
AUGCGA,1.453698674
AUGCGC,2.168684133
AUGCGG,0.21368355
AUGCGU,3.114297856
AUGCUA,0.129115427
AUGCUC,0.961432605
AUGCUG,0.73821785
AUGCUU,1.924023435
AUGGAA,0.932452687
AUGGAC,0.795743816
AUGGAG,0.730662196
AUGGAU,0.874343676
AUGGCA,0.642221819
AUGGCC,-0.100354117
AUGGCG,0.795760413
AUGGCU,0.90391416
AUGGGA,0.185507484
AUGGGC,0.718116489
AUGGGG,-0.054201705
AUGGGU,0.519119083
AUGGUA,0.988167307
AUGGUC,0.890427844
AUGGUG,0.293324165
AUGGUU,1.080788448
AUGUAA,2.321041581
AUGUAC,2.95573203
AUGUAG,0.391101996
AUGUAU,4.705342885
AUGUCA,4.374541301
AUGUCC,3.746349027
AUGUCG,2.388742215
AUGUCU,1.805923686
AUGUGA,1.624707938
AUGUGC,1.047611283
AUGUGG,0.530075
AUGUGU,1.748770523
AUGUUA,2.166159167
AUGUUC,3.946707835
AUGUUG,0.406305186
AUGUUU,4.620797408
AUUAAA,2.706526993
AUUAAC,3.331035131
AUUAAG,0.928221317
AUUAAU,5.31932275
AUUACA,4.863908137
AUUACC,4.633869895
AUUACG,2.767644813
AUUACU,5.604836655
AUUAGA,1.424118581
AUUAGC,1.337783925
AUUAGG,0.538032038
AUUAGU,2.713893993
AUUAUA,3.85935394
AUUAUC,4.969672454
AUUAUG,1.517826757
AUUAUU,5.691146275
AUUCAA,3.171458198
AUUCAC,4.04798563
AUUCAG,1.118473365
AUUCAU,5.691904242
AUUCCA,4.693410374
AUUCCC,6.025901239
AUUCCG,3.472026143
AUUCCU,6.482343766
AUUCGA,3.243702274
AUUCGC,4.33264687
AUUCGG,0.485045822
AUUCGU,4.956548511
AUUCUA,3.445777744
AUUCUC,4.712640618
AUUCUG,1.362841337
AUUCUU,5.61513597
AUUGAA,2.473611701
AUUGAC,2.184205641
AUUGAG,0.595582821
AUUGAU,3.835788513
AUUGCA,3.602929935
AUUGCC,1.299060771
AUUGCG,1.441849721
AUUGCU,1.146642944
AUUGGA,0.841380473
AUUGGC,0.497725713
AUUGGG,0.243641212
AUUGGU,0.263612225
AUUGUA,4.028724335
AUUGUC,4.338276602
AUUGUG,0.760038179
AUUGUU,3.632281541
AUUUAA,1.281978015
AUUUAC,2.781086791
AUUUAG,0.338894784
AUUUAU,2.262570527
AUUUCA,5.434826851
AUUUCC,5.228455305
AUUUCG,3.7159072
AUUUCU,5.975246112
AUUUGA,2.434841088
AUUUGC,2.990324163
AUUUGG,0.5462126
AUUUGU,3.552811642
AUUUUA,2.69373331
AUUUUC,4.282106039
AUUUUG,1.081275178
AUUUUU,4.522864535
CAAAAA,1.743794266
CAAAAC,3.088246822
CAAAAG,0.597335229
CAAAAU,4.333409322
CAAACA,4.414645033
CAAACC,3.985410148
CAAACG,2.59979794
CAAACU,4.737066566
CAAAGA,2.746461177
CAAAGC,2.55467704
CAAAGG,0.270569642
CAAAGU,4.136682563
CAAAUA,3.13189248
CAAAUC,4.308409031
CAAAUG,0.732915692
CAAAUU,5.190632638
CAACAA,2.517489913
CAACAC,2.841321626
CAACAG,1.061232307
CAACAU,3.814024735
CAACCA,3.788881918
CAACCC,4.5967883
CAACCG,2.773289741
CAACCU,3.651121047
CAACGA,2.352619813
CAACGC,2.321918022
CAACGG,0.238273299
CAACGU,3.436923668
CAACUA,2.046442814
CAACUC,2.624064297
CAACUG,0.377143595
CAACUU,2.457551786
CAAGAA,2.890227492
CAAGAC,0.713906113
CAAGAG,0.160637462
CAAGAU,3.650150458
CAAGCA,3.68508379
CAAGCC,0.754949902
CAAGCG,2.019070214
CAAGCU,0.931003315
CAAGGA,0.987544558
CAAGGC,0.483606315
CAAGGG,0.373505611
CAAGGU,1.270825572
CAAGUA,3.654946941
CAAGUC,3.982223769
CAAGUG,1.050587906
CAAGUU,4.222280907
CAAUAA,2.771845776
CAAUAC,3.836835489
CAAUAG,0.694246625
CAAUAU,5.52366716
CAAUCA,5.782075919
CAAUCC,5.223930132
CAAUCG,3.504718169
CAAUCU,6.164244272
CAAUGA,2.818519262
CAAUGC,2.592949876
CAAUGG,0.383921908
CAAUGU,3.571908151
CAAUUA,4.237834893
CAAUUC,4.853653206
CAAUUG,0.748464861
CAAUUU,5.607781082
CACAAA,2.821969767
CACAAC,3.055694062
CACAAG,1.82905394
CACAAU,5.313580651
CACACA,4.936707853
CACACC,6.299718312
CACACG,3.733110704
CACACU,6.362206476
CACAGA,1.451296887
CACAGC,2.217780826
CACAGG,0.252053032
CACAGU,3.067846131
CACAUA,4.106236245
CACAUC,5.526404718
CACAUG,0.817501857
CACAUU,6.459254147
CACCAA,2.29477165
CACCAC,3.009948289
CACCAG,0.41238118
CACCAU,4.720700956
CACCCA,4.225357712
CACCCC,4.665234409
CACCCG,2.294262838
CACCCU,5.431101547
CACCGA,2.797982586
CACCGC,2.631034342
CACCGG,0.44724049
CACCGU,5.279500489
CACCUA,3.166930721
CACCUC,4.720633195
CACCUG,0.035615017
CACCUU,4.588368536
CACGAA,2.518014983
CACGAC,2.349654561
CACGAG,0.585230314
CACGAU,4.976043321
CACGCA,5.047116143
CACGCC,1.599569268
CACGCG,2.385429363
CACGCU,0.98730061
CACGGA,1.187223736
CACGGC,1.071117389
CACGGG,0.26465709
CACGGU,0.924195572
CACGUA,3.744553297
CACGUC,4.475974601
CACGUG,1.474602231
CACGUU,4.774949133
CACUAA,2.88676912
CACUAC,3.291368652
CACUAG,1.250688197
CACUAU,4.978132611
CACUCA,4.567058462
CACUCC,4.677981614
CACUCG,3.726725503
CACUCU,6.39200635
CACUGA,1.396885903
CACUGC,1.803031887
CACUGG,0.141440085
CACUGU,3.282267259
CACUUA,1.221977172
CACUUC,3.503913996
CACUUG,0.807314294
CACUUU,4.067461957
CAGAAA,1.262030861
CAGAAC,2.066570689
CAGAAG,0.840339089
CAGAAU,2.663644106
CAGACA,1.389562259
CAGACC,1.539607792
CAGACG,1.230694915
CAGACU,0.766573634
CAGAGA,0.284379155
CAGAGC,0.686843419
CAGAGG,0.190934268
CAGAGU,1.54008859
CAGAUA,1.850232616
CAGAUC,2.632190801
CAGAUG,0.135795191
CAGAUU,3.211987856
CAGCAA,2.247084097
CAGCAC,2.585997594
CAGCAG,0.496890045
CAGCAU,3.411830866
CAGCCA,1.369923316
CAGCCC,2.411561222
CAGCCG,1.005883456
CAGCCU,1.926838252
CAGCGA,1.299992826
CAGCGC,1.543391947
CAGCGG,0.515140677
CAGCGU,2.721533139
CAGCUA,0.059264869
CAGCUC,1.456795983
CAGCUG,0.311152742
CAGCUU,0.998207855
CAGGAA,1.171494932
CAGGAC,1.091333464
CAGGAG,0.519827508
CAGGAU,1.104976388
CAGGCA,0.797322409
CAGGCC,0.436207361
CAGGCG,0.568275739
CAGGCU,1.300768802
CAGGGA,0.907163776
CAGGGC,0.893723652
CAGGGG,0.197833169
CAGGGU,0.618827304
CAGGUA,1.184231609
CAGGUC,0.959930725
CAGGUG,0.437656149
CAGGUU,1.695379501
CAGUAA,2.028017755
CAGUAC,2.750974636
CAGUAG,0.610367197
CAGUAU,5.244058519
CAGUCA,4.429529773
CAGUCC,3.937349223
CAGUCG,3.105677207
CAGUCU,3.291574454
CAGUGA,1.630151347
CAGUGC,1.579268933
CAGUGG,0.399317864
CAGUGU,2.372928188
CAGUUA,2.13264407
CAGUUC,4.221687584
CAGUUG,0.482952861
CAGUUU,5.289025961
CAUAAA,2.608597505
CAUAAC,3.676646168
CAUAAG,1.397948016
CAUAAU,5.897624906
CAUACA,6.009601949
CAUACC,5.073185597
CAUACG,3.351874142
CAUACU,6.707570301
CAUAGA,2.739580834
CAUAGC,3.345115486
CAUAGG,0.228374082
CAUAGU,5.012467805
CAUAUA,4.7190944
CAUAUC,5.642547879
CAUAUG,1.383016133
CAUAUU,6.833353623
CAUCAA,3.344507671
CAUCAC,4.411536093
CAUCAG,1.545907841
CAUCAU,7.05641479
CAUCCA,5.604314745
CAUCCC,5.38347216
CAUCCG,4.458701251
CAUCCU,6.565256319
CAUCGA,3.782654093
CAUCGC,3.27544723
CAUCGG,0.552195308
CAUCGU,5.589598359
CAUCUA,4.186485966
CAUCUC,4.520158635
CAUCUG,0.807055124
CAUCUU,6.686692751
CAUGAA,2.913200455
CAUGAC,2.453974178
CAUGAG,0.856189448
CAUGAU,4.782604861
CAUGCA,3.593848564
CAUGCC,1.324919831
CAUGCG,1.78586006
CAUGCU,0.92978713
CAUGGA,1.197151011
CAUGGC,1.40052324
CAUGGG,0.537812371
CAUGGU,0.358526969
CAUGUA,2.392248785
CAUGUC,3.09246261
CAUGUG,0.426340076
CAUGUU,1.358368113
CAUUAA,3.294283531
CAUUAC,4.695072402
CAUUAG,0.727168042
CAUUAU,6.273481534
CAUUCA,7.085647023
CAUUCC,6.835704127
CAUUCG,4.962800453
CAUUCU,7.861764294
CAUUGA,3.671083039
CAUUGC,3.020736158
CAUUGG,0.273000139
CAUUGU,4.542419074
CAUUUA,4.430255576
CAUUUC,5.632184915
CAUUUG,1.596891312
CAUUUU,7.004551237
CCAAAA,1.446451543
CCAAAC,2.108368902
CCAAAG,0.688305035
CCAAAU,2.527225279
CCAACA,2.029455014
CCAACC,2.981668222
CCAACG,0.766211807
CCAACU,1.593474168
CCAAGA,1.188528547
CCAAGC,1.527223638
CCAAGG,0.577036985
CCAAGU,1.75404879
CCAAUA,1.627865404
CCAAUC,2.471583253
CCAAUG,0.501475212
CCAAUU,2.622059096
CCACAA,1.28143141
CCACAC,2.402048745
CCACAG,1.036482657
CCACAU,3.72325926
CCACCA,2.104743048
CCACCC,2.934893599
CCACCG,1.5829618
CCACCU,3.295532645
CCACGA,1.602001841
CCACGC,2.086039173
CCACGG,0.621014625
CCACGU,3.285363622
CCACUA,2.089866164
CCACUC,3.697328704
CCACUG,0.851326814
CCACUU,3.746590333
CCAGAA,1.077713308
CCAGAC,1.098881223
CCAGAG,0.106722062
CCAGAU,1.279406253
CCAGCA,1.878226208
CCAGCC,2.15013041
CCAGCG,0.688043565
CCAGCU,1.094950172
CCAGGA,1.080566901
CCAGGC,1.65031145
CCAGGG,0.585541026
CCAGGU,0.79358419
CCAGUA,0.525313334
CCAGUC,1.336475256
CCAGUG,0.674414111
CCAGUU,1.3913478
CCAUAA,1.551318018
CCAUAC,2.654036428
CCAUAG,1.241231591
CCAUAU,2.45362304
CCAUCA,3.34204869
CCAUCC,3.606012841
CCAUCG,2.070019633
CCAUCU,4.200026137
CCAUGA,1.073168756
CCAUGC,2.843732986
CCAUGG,0.84361446
CCAUGU,2.70891237
CCAUUA,3.263965933
CCAUUC,3.571469454
CCAUUG,0.362672093
CCAUUU,3.547800732
CCCAAA,1.517481846
CCCAAC,2.499753196
CCCAAG,1.028477248
CCCAAU,2.821291591
CCCACA,3.842396807
CCCACC,2.569017093
CCCACG,1.335563218
CCCACU,4.905159722
CCCAGA,0.827745475
CCCAGC,1.680712526
CCCAGG,0.605494754
CCCAGU,1.040275411
CCCAUA,3.363306645
CCCAUC,4.236445979
CCCAUG,0.384401748
CCCAUU,4.743539356
CCCCAA,2.94589675
CCCCAC,2.330700158
CCCCAG,-0.074649461
CCCCAU,4.901435474
CCCCCA,3.369162789
CCCCCC,4.245229253
CCCCCG,3.073242088
CCCCCU,4.139237481
CCCCGA,2.798498526
CCCCGC,3.207147957
CCCCGG,0.394934172
CCCCGU,4.234592557
CCCCUA,1.991279502
CCCCUC,2.945831826
CCCCUG,0.705714064
CCCCUU,4.908155584
CCCGAA,1.198486452
CCCGAC,1.897885139
CCCGAG,0.269852457
CCCGAU,1.635109377
CCCGCA,2.489422945
CCCGCC,2.465808301
CCCGCG,1.190554617
CCCGCU,1.283697267
CCCGGA,0.494220349
CCCGGC,1.120355154
CCCGGG,0.228902906
CCCGGU,0.478816666
CCCGUA,2.25378542
CCCGUC,3.958497097
CCCGUG,0.668404077
CCCGUU,3.803475177
CCCUAA,1.79837728
CCCUAC,3.044469606
CCCUAG,1.755324701
CCCUAU,3.642369342
CCCUCA,3.574205173
CCCUCC,4.788481911
CCCUCG,3.714629756
CCCUCU,5.458391935
CCCUGA,2.092737327
CCCUGC,2.365767854
CCCUGG,0.034290532
CCCUGU,3.384727904
CCCUUA,3.299498536
CCCUUC,3.954661528
CCCUUG,0.632417933
CCCUUU,4.830728116
CCGAAA,0.298272062
CCGAAC,0.746678746
CCGAAG,0.260737291
CCGAAU,1.965412567
CCGACA,1.362941474
CCGACC,2.194763485
CCGACG,0.789601754
CCGACU,1.925876883
CCGAGA,0.675905647
CCGAGC,0.156168914
CCGAGG,0.437186085
CCGAGU,0.54488807
CCGAUA,1.653447511
CCGAUC,1.512519817
CCGAUG,0.891195637
CCGAUU,2.585199039
CCGCAA,1.820726163
CCGCAC,2.640464379
CCGCAG,1.136615529
CCGCAU,2.087266746
CCGCCA,1.760794425
CCGCCC,1.953642802
CCGCCG,0.705617191
CCGCCU,2.584634035
CCGCGA,1.666161702
CCGCGC,3.011447525
CCGCGG,0.016961861
CCGCGU,2.500541054
CCGCUA,2.306188255
CCGCUC,2.597792393
CCGCUG,-0.625193144
CCGCUU,2.119985518
CCGGAA,0.630788391
CCGGAC,0.58302962
CCGGAG,0.449468416
CCGGAU,1.008150422
CCGGCA,1.332606939
CCGGCC,0.426652438
CCGGCG,1.199922753
CCGGCU,1.469075682
CCGGGA,0.591541031
CCGGGC,0.940143132
CCGGGG,0.188600631
CCGGGU,0.515120097
CCGGUA,0.88091037
CCGGUC,1.934558735
CCGGUG,-0.308488593
CCGGUU,1.305710002
CCGUAA,1.06190033
CCGUAC,2.94947139
CCGUAG,1.238261751
CCGUAU,2.83363294
CCGUCA,3.109807298
CCGUCC,3.686138048
CCGUCG,1.910557157
CCGUCU,3.729054696
CCGUGA,0.499926063
CCGUGC,1.285643057
CCGUGG,-0.216215978
CCGUGU,0.931787012
CCGUUA,1.749872222
CCGUUC,3.228158691
CCGUUG,0.214292118
CCGUUU,3.256386504
CCUAAA,1.52710905
CCUAAC,2.361914277
CCUAAG,0.693545609
CCUAAU,3.415692667
CCUACA,2.593734564
CCUACC,2.849161381
CCUACG,0.336750506
CCUACU,3.586622676
CCUAGA,1.034560643
CCUAGC,2.204254644
CCUAGG,0.514813439
CCUAGU,2.850817727
CCUAUA,2.616614897
CCUAUC,4.065664582
CCUAUG,0.794412099
CCUAUU,4.097312477
CCUCAA,1.656697138
CCUCAC,4.185529562
CCUCAG,0.809156754
CCUCAU,4.210268132
CCUCCA,4.540968205
CCUCCC,2.720708363
CCUCCG,1.748524136
CCUCCU,4.735171426
CCUCGA,2.457120766
CCUCGC,3.192827287
CCUCGG,0.268912684
CCUCGU,4.079688446
CCUCUA,3.549161183
CCUCUC,4.172981471
CCUCUG,0.434430538
CCUCUU,4.010451989
CCUGAA,0.961739575
CCUGAC,2.343593253
CCUGAG,0.456278117
CCUGAU,1.950311957
CCUGCA,1.611270508
CCUGCC,2.639141203
CCUGCG,1.243863099
CCUGCU,2.454725909
CCUGGA,0.412083439
CCUGGC,1.169931
CCUGGG,0.436364041
CCUGGU,0.01788135
CCUGUA,2.048112906
CCUGUC,3.708832858
CCUGUG,0.588178774
CCUGUU,3.660249597
CCUUAA,1.462228975
CCUUAC,3.398200408
CCUUAG,0.565343861
CCUUAU,3.407060612
CCUUCA,3.445569668
CCUUCC,4.450700224
CCUUCG,2.145436342
CCUUCU,4.706891161
CCUUGA,1.772596373
CCUUGC,2.526116367
CCUUGG,-0.001026879
CCUUGU,2.294577393
CCUUUA,3.12123163
CCUUUC,4.591789404
CCUUUG,1.046373065
CCUUUU,4.475851191
CGAAAA,2.012701123
CGAAAC,2.739708649
CGAAAG,0.915075953
CGAAAU,4.271800011
CGAACA,3.362107705
CGAACC,3.285840853
CGAACG,2.352248921
CGAACU,3.267198224
CGAAGA,2.097744687
CGAAGC,2.010919575
CGAAGG,0.328279347
CGAAGU,3.458730329
CGAAUA,3.389086153
CGAAUC,3.64875898
CGAAUG,0.51271189
CGAAUU,4.962663228
CGACAA,1.307840973
CGACAC,1.850269456
CGACAG,0.497341571
CGACAU,3.332322643
CGACCA,2.005267943
CGACCC,1.864283195
CGACCG,2.175916609
CGACCU,2.546503561
CGACGA,1.447385257
CGACGC,1.961567507
CGACGG,0.081825846
CGACGU,1.925532917
CGACUA,0.987362654
CGACUC,0.738038254
CGACUG,0.609317583
CGACUU,0.399675799
CGAGAA,1.865309212
CGAGAC,1.506907647
CGAGAG,0.444292632
CGAGAU,2.668955824
CGAGCA,1.401658491
CGAGCC,0.222962763
CGAGCG,0.702519068
CGAGCU,0.066074801
CGAGGA,0.65954837
CGAGGC,0.238997752
CGAGGG,0.174244489
CGAGGU,0.599510986
CGAGUA,1.909321025
CGAGUC,2.188168464
CGAGUG,0.531233176
CGAGUU,0.94753765
CGAUAA,2.914786909
CGAUAC,3.465638009
CGAUAG,0.552671551
CGAUAU,5.117664459
CGAUCA,4.720977656
CGAUCC,4.606708527
CGAUCG,3.443202281
CGAUCU,4.626186606
CGAUGA,2.470488047
CGAUGC,1.252887848
CGAUGG,0.396999819
CGAUGU,3.278542381
CGAUUA,3.677126671
CGAUUC,3.654900418
CGAUUG,0.957708729
CGAUUU,3.501460705
CGCAAA,1.27499893
CGCAAC,1.679003414
CGCAAG,1.045501518
CGCAAU,3.72239077
CGCACA,3.287315406
CGCACC,3.34152071
CGCACG,2.582028386
CGCACU,4.149689374
CGCAGA,1.132064235
CGCAGC,2.093507488
CGCAGG,0.566623623
CGCAGU,2.154236299
CGCAUA,2.063379116
CGCAUC,3.681791298
CGCAUG,0.907516382
CGCAUU,4.320401018
CGCCAA,0.695291581
CGCCAC,1.36385919
CGCCAG,0.343552739
CGCCAU,1.135567417
CGCCCA,1.371792103
CGCCCC,3.104738277
CGCCCG,1.17727003
CGCCCU,2.88373211
CGCCGA,0.605276423
CGCCGC,0.508413243
CGCCGG,0.051990257
CGCCGU,1.781285549
CGCCUA,0.950991405
CGCCUC,1.496169085
CGCCUG,0.854026751
CGCCUU,1.611013337
CGCGAA,2.860910111
CGCGAC,2.260711338
CGCGAG,0.577885514
CGCGAU,3.266815468
CGCGCA,2.585493331
CGCGCC,1.333216203
CGCGCG,2.040502785
CGCGCU,0.844384657
CGCGGA,1.198299134
CGCGGC,1.094044727
CGCGGG,0.186519982
CGCGGU,1.516991016
CGCGUA,3.214850354
CGCGUC,3.587782071
CGCGUG,0.546635702
CGCGUU,4.337403485
CGCUAA,0.672407224
CGCUAC,0.602832103
CGCUAG,-0.508512889
CGCUAU,0.716996266
CGCUCA,2.103249896
CGCUCC,2.36154646
CGCUCG,1.620165863
CGCUCU,2.965826114
CGCUGA,1.499252022
CGCUGC,1.003488423
CGCUGG,0.025542972
CGCUGU,1.932805716
CGCUUA,1.267330634
CGCUUC,2.597928012
CGCUUG,0.145144164
CGCUUU,3.602815974
CGGAAA,0.85934216
CGGAAC,0.695356019
CGGAAG,0.653946342
CGGAAU,1.474501096
CGGACA,1.456707984
CGGACC,1.600303111
CGGACG,0.745759582
CGGACU,1.033723979
CGGAGA,0.684468126
CGGAGC,0.407227735
CGGAGG,0.24845137
CGGAGU,0.923139794
CGGAUA,0.774203434
CGGAUC,2.11112726
CGGAUG,0.249562004
CGGAUU,1.843633373
CGGCAA,0.600245024
CGGCAC,1.037809942
CGGCAG,0.535307714
CGGCAU,1.752750484
CGGCCA,0.977468756
CGGCCC,1.132228503
CGGCCG,0.976989852
CGGCCU,1.013956894
CGGCGA,0.763359166
CGGCGC,1.507722257
CGGCGG,0.349816164
CGGCGU,1.656500546
CGGCUA,1.002767521
CGGCUC,0.32165096
CGGCUG,-0.210220518
CGGCUU,0.936113622
CGGGAA,0.421960122
CGGGAC,0.439524812
CGGGAG,0.284154355
CGGGAU,0.607992941
CGGGCA,0.897481694
CGGGCC,-0.061903626
CGGGCG,0.663417277
CGGGCU,0.14940811
CGGGGA,0.330622253
CGGGGC,0.615672742
CGGGGG,0.397299452
CGGGGU,0.566683871
CGGGUA,0.418141727
CGGGUC,0.662800613
CGGGUG,0.323271026
CGGGUU,1.561949833
CGGUAA,0.607498895
CGGUAC,1.151233797
CGGUAG,0.701149008
CGGUAU,1.885957464
CGGUCA,0.965947515
CGGUCC,1.381520511
CGGUCG,1.213717578
CGGUCU,1.884802611
CGGUGA,0.783684401
CGGUGC,0.898691062
CGGUGG,0.035949628
CGGUGU,1.305942677
CGGUUA,1.168963328
CGGUUC,2.374117709
CGGUUG,0.336504196
CGGUUU,2.686130601
CGUAAA,2.486180386
CGUAAC,3.387706684
CGUAAG,1.53044975
CGUAAU,6.175226497
CGUACA,5.311890686
CGUACC,4.239846068
CGUACG,3.515705504
CGUACU,5.363024552
CGUAGA,1.833392101
CGUAGC,1.114011035
CGUAGG,0.383166283
CGUAGU,4.003785182
CGUAUA,4.558417322
CGUAUC,4.787246102
CGUAUG,1.462455148
CGUAUU,5.83744742
CGUCAA,1.783740445
CGUCAC,3.560112491
CGUCAG,0.226832493
CGUCAU,3.859501772
CGUCCA,2.539589288
CGUCCC,3.91307082
CGUCCG,2.145413052
CGUCCU,4.132699409
CGUCGA,2.369955098
CGUCGC,2.387454435
CGUCGG,0.062973601
CGUCGU,4.281671846
CGUCUA,3.218718648
CGUCUC,3.819761692
CGUCUG,0.905154639
CGUCUU,4.539544619
CGUGAA,1.793755824
CGUGAC,2.006177157
CGUGAG,0.990820196
CGUGAU,2.945956446
CGUGCA,2.427635808
CGUGCC,0.185996857
CGUGCG,0.848412617
CGUGCU,0.549592033
CGUGGA,0.590410393
CGUGGC,0.484220915
CGUGGG,0.380442357
CGUGGU,0.366672005
CGUGUA,2.53648126
CGUGUC,3.306733888
CGUGUG,0.982210568
CGUGUU,1.9402184
CGUUAA,2.407492412
CGUUAC,3.473176996
CGUUAG,0.098222986
CGUUAU,4.48756085
CGUUCA,6.042611987
CGUUCC,5.096412145
CGUUCG,3.401208175
CGUUCU,6.321695171
CGUUGA,2.391511274
CGUUGC,2.596630964
CGUUGG,0.120500462
CGUUGU,3.488723586
CGUUUA,4.057027558
CGUUUC,4.56858003
CGUUUG,1.096363922
CGUUUU,5.62047498
CUAAAA,1.841614608
CUAAAC,2.562175689
CUAAAG,1.723715403
CUAAAU,3.829946349
CUAACA,3.81460707
CUAACC,2.321765584
CUAACG,2.275969741
CUAACU,3.791664175
CUAAGA,1.614236721
CUAAGC,2.013170851
CUAAGG,0.469863537
CUAAGU,2.645033511
CUAAUA,3.300756475
CUAAUC,3.67739458
CUAAUG,1.041169077
CUAAUU,4.56516562
CUACAA,2.361500234
CUACAC,3.116784755
CUACAG,1.629555164
CUACAU,3.470687851
CUACCA,3.382545917
CUACCC,2.325704457
CUACCG,2.722476672
CUACCU,3.850320827
CUACGA,1.226142552
CUACGC,1.396324827
CUACGG,0.24296959
CUACGU,0.069456567
CUACUA,2.250200213
CUACUC,2.715510865
CUACUG,0.978526131
CUACUU,2.209003458
CUAGAA,1.376283051
CUAGAC,-0.011566784
CUAGAG,0.016219641
CUAGAU,1.067760197
CUAGCA,1.586935332
CUAGCC,1.11684909
CUAGCG,1.127176401
CUAGCU,0.19109459
CUAGGA,0.502748537
CUAGGC,0.675073772
CUAGGG,0.325869195
CUAGGU,0.730148709
CUAGUA,0.953130704
CUAGUC,2.521013621
CUAGUG,0.248077868
CUAGUU,1.965877106
CUAUAA,2.514249779
CUAUAC,3.542070113
CUAUAG,1.061885647
CUAUAU,4.949659481
CUAUCA,4.96930166
CUAUCC,5.035546764
CUAUCG,3.864533013
CUAUCU,5.241157142
CUAUGA,1.387721463
CUAUGC,2.113991438
CUAUGG,0.368856002
CUAUGU,2.896864426
CUAUUA,3.785688
CUAUUC,4.063754464
CUAUUG,0.98530307
CUAUUU,4.912163429
CUCAAA,2.55760222
CUCAAC,2.801919913
CUCAAG,0.936814139
CUCAAU,4.829709387
CUCACA,4.58999831
CUCACC,3.164799155
CUCACG,3.641695189
CUCACU,3.881072085
CUCAGA,0.772915295
CUCAGC,1.700894411
CUCAGG,0.289176585
CUCAGU,2.965842996
CUCAUA,3.675976775
CUCAUC,4.530522677
CUCAUG,1.263722062
CUCAUU,5.829505872
CUCCAA,3.178569238
CUCCAC,2.391896923
CUCCAG,0.049872292
CUCCAU,4.310465814
CUCCCA,3.559561408
CUCCCC,3.502652609
CUCCCG,2.94991775
CUCCCU,5.590455911
CUCCGA,2.891074087
CUCCGC,2.217858431
CUCCGG,0.281158749
CUCCGU,3.957445079
CUCCUA,2.909217236
CUCCUC,3.805758409
CUCCUG,0.408093044
CUCCUU,5.365092679
CUCGAA,1.76010456
CUCGAC,2.563567094
CUCGAG,0.795821044
CUCGAU,3.102814602
CUCGCA,3.49534262
CUCGCC,1.113535644
CUCGCG,1.417799834
CUCGCU,1.56487515
CUCGGA,1.35769884
CUCGGC,1.589916873
CUCGGG,0.468898326
CUCGGU,1.954448588
CUCGUA,3.999280646
CUCGUC,3.716764565
CUCGUG,0.88874672
CUCGUU,5.327172667
CUCUAA,1.870046614
CUCUAC,2.182755596
CUCUAG,0.794644426
CUCUAU,3.419247189
CUCUCA,5.066191484
CUCUCC,3.264985587
CUCUCG,3.52141468
CUCUCU,5.561767361
CUCUGA,2.032445636
CUCUGC,1.666546059
CUCUGG,0.065433528
CUCUGU,3.36838853
CUCUUA,3.112011814
CUCUUC,3.560826883
CUCUUG,0.717334617
CUCUUU,5.463761335
CUGAAA,0.402897437
CUGAAC,1.678283099
CUGAAG,0.892269873
CUGAAU,1.862199012
CUGACA,1.32873418
CUGACC,1.554022378
CUGACG,1.389403887
CUGACU,-0.471532266
CUGAGA,0.255675317
CUGAGC,-0.329974132
CUGAGG,0.098994479
CUGAGU,0.151642009
CUGAUA,1.732904168
CUGAUC,1.93390581
CUGAUG,0.743803158
CUGAUU,2.596430041
CUGCAA,1.753637248
CUGCAC,2.253241714
CUGCAG,0.56857613
CUGCAU,2.996025177
CUGCCA,1.237137872
CUGCCC,1.518251643
CUGCCG,1.73850711
CUGCCU,1.984462984
CUGCGA,1.520083561
CUGCGC,1.334734363
CUGCGG,0.435469296
CUGCGU,1.672688846
CUGCUA,0.995369103
CUGCUC,2.145869423
CUGCUG,0.856039834
CUGCUU,3.027586936
CUGGAA,0.376091085
CUGGAC,0.543293631
CUGGAG,0.077575201
CUGGAU,0.869791659
CUGGCA,1.114563099
CUGGCC,-0.05154096
CUGGCG,0.977933697
CUGGCU,-0.04633116
CUGGGA,0.379094594
CUGGGC,0.270400558
CUGGGG,0.283895984
CUGGGU,0.49004675
CUGGUA,0.980833595
CUGGUC,0.831915317
CUGGUG,0.812830118
CUGGUU,0.781893152
CUGUAA,1.866002997
CUGUAC,2.041504839
CUGUAG,0.634958901
CUGUAU,3.757744541
CUGUCA,3.348889598
CUGUCC,2.971476727
CUGUCG,2.635035377
CUGUCU,1.544311664
CUGUGA,0.794163061
CUGUGC,0.717639118
CUGUGG,0.463417363
CUGUGU,1.148662904
CUGUUA,2.426007241
CUGUUC,2.823551441
CUGUUG,0.862066066
CUGUUU,4.250697746
CUUAAA,0.609576129
CUUAAC,1.393833605
CUUAAG,0.209860675
CUUAAU,1.514114274
CUUACA,3.755150074
CUUACC,3.215058258
CUUACG,2.368516641
CUUACU,3.891120947
CUUAGA,0.746119573
CUUAGC,1.079829665
CUUAGG,-0.151841167
CUUAGU,1.815361576
CUUAUA,1.314556165
CUUAUC,2.790453972
CUUAUG,1.12332436
CUUAUU,2.576121428
CUUCAA,2.487120769
CUUCAC,4.257753644
CUUCAG,1.287938775
CUUCAU,5.522347096
CUUCCA,4.37087257
CUUCCC,3.344074015
CUUCCG,4.507338838
CUUCCU,6.150449253
CUUCGA,3.703095932
CUUCGC,2.473159622
CUUCGG,0.738091664
CUUCGU,5.381247692
CUUCUA,3.903941666
CUUCUC,4.393333742
CUUCUG,0.978241564
CUUCUU,6.009017616
CUUGAA,1.843780853
CUUGAC,1.379535599
CUUGAG,0.430479151
CUUGAU,3.311639379
CUUGCA,3.214951633
CUUGCC,0.921109931
CUUGCG,1.350459582
CUUGCU,0.312988464
CUUGGA,0.882156711
CUUGGC,0.211282238
CUUGGG,0.254104119
CUUGGU,0.893879618
CUUGUA,2.928840556
CUUGUC,3.204856601
CUUGUG,0.451148772
CUUGUU,3.434634946
CUUUAA,2.625670048
CUUUAC,3.685151144
CUUUAG,0.521342545
CUUUAU,4.86575796
CUUUCA,5.218722699
CUUUCC,5.086593502
CUUUCG,3.779774668
CUUUCU,5.888353337
CUUUGA,2.20144837
CUUUGC,2.279368637
CUUUGG,0.09013285
CUUUGU,3.521913587
CUUUUA,3.504728334
CUUUUC,5.059293281
CUUUUG,1.128525935
CUUUUU,5.717927404
GAAAAA,0.488463946
GAAAAC,1.346849117
GAAAAG,0.462751029
GAAAAU,1.913002584
GAAACA,2.038425542
GAAACC,1.912215236
GAAACG,1.044639939
GAAACU,2.157609616
GAAAGA,1.23171972
GAAAGC,1.87080718
GAAAGG,0.325403808
GAAAGU,2.121255547
GAAAUA,1.491978955
GAAAUC,2.003490417
GAAAUG,0.739956394
GAAAUU,2.386098974
GAACAA,1.164793286
GAACAC,1.621285396
GAACAG,0.550123039
GAACAU,2.144953403
GAACCA,1.424965943
GAACCC,2.774923125
GAACCG,1.737966377
GAACCU,2.210867677
GAACGA,1.516008424
GAACGC,1.281367646
GAACGG,0.106028304
GAACGU,2.225270792
GAACUA,1.211563767
GAACUC,2.041143179
GAACUG,0.482803274
GAACUU,1.968322374
GAAGAA,1.243179001
GAAGAC,0.89471765
GAAGAG,0.307116799
GAAGAU,2.183114232
GAAGCA,1.76183572
GAAGCC,1.00468588
GAAGCG,1.158192052
GAAGCU,0.45264572
GAAGGA,0.705860852
GAAGGC,0.630804805
GAAGGG,0.353774942
GAAGGU,0.60399089
GAAGUA,1.905131144
GAAGUC,2.657494767
GAAGUG,0.28132148
GAAGUU,2.159089476
GAAUAA,1.201629459
GAAUAC,2.005421056
GAAUAG,1.08557728
GAAUAU,2.525635025
GAAUCA,2.556341533
GAAUCC,2.657065826
GAAUCG,1.348058898
GAAUCU,2.861840346
GAAUGA,1.427084048
GAAUGC,1.587119652
GAAUGG,-0.076945839
GAAUGU,1.881325167
GAAUUA,1.755169599
GAAUUC,2.643025386
GAAUUG,0.512732113
GAAUUU,2.836783436
GACAAA,1.12103727
GACAAC,2.015585612
GACAAG,0.812847523
GACAAU,1.93347219
GACACA,2.008225867
GACACC,1.971360583
GACACG,1.609130671
GACACU,2.739385962
GACAGA,0.534152911
GACAGC,1.461108893
GACAGG,0.104190222
GACAGU,1.294819636
GACAUA,2.047085716
GACAUC,2.500247967
GACAUG,0.706488949
GACAUU,2.705787498
GACCAA,1.013439553
GACCAC,1.3802646
GACCAG,-0.02104082
GACCAU,2.051167129
GACCCA,1.677111508
GACCCC,-0.317768167
GACCCG,1.290695658
GACCCU,1.84061774
GACCGA,0.430324529
GACCGC,1.507260623
GACCGG,-0.117630201
GACCGU,1.858986197
GACCUA,1.266792653
GACCUC,1.697366883
GACCUG,0.648341055
GACCUU,1.793847966
GACGAA,0.785305668
GACGAC,0.968606314
GACGAG,0.475887004
GACGAU,1.568661873
GACGCA,2.300798654
GACGCC,0.84115864
GACGCG,1.15853703
GACGCU,0.373216506
GACGGA,0.488486522
GACGGC,1.203593523
GACGGG,0.288993788
GACGGU,0.675719105
GACGUA,1.29929014
GACGUC,2.523863452
GACGUG,0.48842544
GACGUU,2.181557856
GACUAA,0.858440631
GACUAC,1.832609621
GACUAG,0.561924929
GACUAU,1.889978114
GACUCA,1.649686948
GACUCC,2.175964042
GACUCG,1.211104458
GACUCU,3.030210682
GACUGA,0.423179311
GACUGC,1.417238717
GACUGG,0.17678882
GACUGU,1.362214033
GACUUA,0.756747552
GACUUC,1.567237002
GACUUG,0.324663867
GACUUU,1.03329502
GAGAAA,0.814818337
GAGAAC,1.556767158
GAGAAG,0.556391013
GAGAAU,1.853126679
GAGACA,0.850214214
GAGACC,1.483205411
GAGACG,1.013490762
GAGACU,0.594220816
GAGAGA,0.740350521
GAGAGC,1.027283008
GAGAGG,0.255162314
GAGAGU,1.461858368
GAGAUA,0.981705448
GAGAUC,1.596522463
GAGAUG,0.146097636
GAGAUU,1.935237059
GAGCAA,0.33977446
GAGCAC,1.571290763
GAGCAG,0.185792831
GAGCAU,1.372164867
GAGCCA,0.807672858
GAGCCC,1.231302914
GAGCCG,1.235286157
GAGCCU,0.93487385
GAGCGA,0.347924995
GAGCGC,0.925801409
GAGCGG,0.221528357
GAGCGU,1.485157534
GAGCUA,0.369712817
GAGCUC,0.260338385
GAGCUG,0.395657028
GAGCUU,0.472328711
GAGGAA,0.438124588
GAGGAC,1.024488987
GAGGAG,0.309008779
GAGGAU,0.830440973
GAGGCA,0.937459997
GAGGCC,0.106797999
GAGGCG,0.449283764
GAGGCU,0.664428782
GAGGGA,0.333224325
GAGGGC,0.390858518
GAGGGG,0.244789844
GAGGGU,0.488318023
GAGGUA,0.986777742
GAGGUC,1.072895328
GAGGUG,0.182816289
GAGGUU,1.16438847
GAGUAA,0.787045346
GAGUAC,1.592277621
GAGUAG,0.65985661
GAGUAU,2.022828312
GAGUCA,2.105189465
GAGUCC,2.522043939
GAGUCG,1.28801002
GAGUCU,1.371001398
GAGUGA,1.017903279
GAGUGC,1.02369684
GAGUGG,0.132339945
GAGUGU,1.111505448
GAGUUA,1.199723254
GAGUUC,2.322631593
GAGUUG,0.268717535
GAGUUU,2.217097611
GAUAAA,1.046698835
GAUAAC,1.71892467
GAUAAG,0.501871785
GAUAAU,2.517634149
GAUACA,2.771223481
GAUACC,2.372834676
GAUACG,1.625837874
GAUACU,3.1061307
GAUAGA,1.572138525
GAUAGC,1.805213651
GAUAGG,0.11704132
GAUAGU,2.637402961
GAUAUA,1.998042691
GAUAUC,2.810872112
GAUAUG,0.840132388
GAUAUU,3.359407748
GAUCAA,1.690877687
GAUCAC,2.446929524
GAUCAG,0.446115718
GAUCAU,3.227339691
GAUCCA,2.097717208
GAUCCC,2.667947427
GAUCCG,1.800349426
GAUCCU,2.884653647
GAUCGA,1.929522452
GAUCGC,2.395486439
GAUCGG,0.586045042
GAUCGU,2.915995453
GAUCUA,1.680820465
GAUCUC,2.617630035
GAUCUG,0.90934127
GAUCUU,2.401922439
GAUGAA,1.633715968
GAUGAC,1.484221237
GAUGAG,0.684114663
GAUGAU,2.249958484
GAUGCA,2.087262433
GAUGCC,0.95019514
GAUGCG,0.993527169
GAUGCU,0.681803682
GAUGGA,0.464834222
GAUGGC,0.444314291
GAUGGG,0.431763168
GAUGGU,0.089295435
GAUGUA,1.627765329
GAUGUC,2.606031066
GAUGUG,0.544088218
GAUGUU,2.230319129
GAUUAA,1.673783671
GAUUAC,2.299411514
GAUUAG,0.137003938
GAUUAU,2.721423399
GAUUCA,3.060282937
GAUUCC,2.800357862
GAUUCG,1.796687238
GAUUCU,3.574631277
GAUUGA,1.555332725
GAUUGC,2.199998671
GAUUGG,-0.152299807
GAUUGU,1.945807662
GAUUUA,1.128449784
GAUUUC,2.95810779
GAUUUG,1.022815651
GAUUUU,2.605229902
GCAAAA,0.495508153
GCAAAC,1.232763848
GCAAAG,0.264989701
GCAAAU,1.908847032
GCAACA,1.740498339
GCAACC,1.848744571
GCAACG,0.790316287
GCAACU,2.066757128
GCAAGA,0.612644411
GCAAGC,1.530331075
GCAAGG,0.150799055
GCAAGU,1.480721312
GCAAUA,1.910459317
GCAAUC,2.444838202
GCAAUG,0.226444734
GCAAUU,2.629836158
GCACAA,0.953535815
GCACAC,2.464241702
GCACAG,0.128384433
GCACAU,2.593505915
GCACCA,2.665342618
GCACCC,2.944271579
GCACCG,1.247652369
GCACCU,3.20006648
GCACGA,0.651516203
GCACGC,2.550487752
GCACGG,0.040065995
GCACGU,2.116292032
GCACUA,1.595768611
GCACUC,2.108008889
GCACUG,0.882238188
GCACUU,2.649107117
GCAGAA,0.898369936
GCAGAC,0.680801325
GCAGAG,0.385281888
GCAGAU,1.114338687
GCAGCA,1.757681686
GCAGCC,1.14316457
GCAGCG,1.005415061
GCAGCU,0.298261704
GCAGGA,1.018204042
GCAGGC,1.237572593
GCAGGG,0.412553303
GCAGGU,0.631472017
GCAGUA,1.435597602
GCAGUC,2.310583218
GCAGUG,0.311459893
GCAGUU,2.028630686
GCAUAA,0.595521891
GCAUAC,1.569575304
GCAUAG,0.221011997
GCAUAU,2.363177481
GCAUCA,2.936364265
GCAUCC,3.671791046
GCAUCG,1.991404585
GCAUCU,3.646613525
GCAUGA,1.616261326
GCAUGC,1.751174834
GCAUGG,-0.163965209
GCAUGU,2.089163673
GCAUUA,2.109189837
GCAUUC,3.191534262
GCAUUG,0.148758166
GCAUUU,3.212053758
GCCAAA,0.163252315
GCCAAC,1.183741475
GCCAAG,0.534640011
GCCAAU,1.146020453
GCCACA,2.007231374
GCCACC,2.529266216
GCCACG,1.016016615
GCCACU,2.127783601
GCCAGA,0.717785982
GCCAGC,0.117733708
GCCAGG,0.187364862
GCCAGU,0.609360726
GCCAUA,1.419865752
GCCAUC,1.687926956
GCCAUG,0.363735563
GCCAUU,1.35161404
GCCCAA,1.080372741
GCCCAC,1.538308869
GCCCAG,0.528173965
GCCCAU,2.92404276
GCCCCA,2.072733803
GCCCCC,1.2233487
GCCCCG,1.39577991
GCCCCU,4.150163813
GCCCGA,0.885622625
GCCCGC,2.013638535
GCCCGG,0.438530665
GCCCGU,1.639194779
GCCCUA,1.442281798
GCCCUC,2.771875066
GCCCUG,-0.184904705
GCCCUU,3.572669394
GCCGAA,0.664984565
GCCGAC,1.277276155
GCCGAG,0.661340727
GCCGAU,0.855404699
GCCGCA,1.085235873
GCCGCC,1.172260699
GCCGCG,0.509627977
GCCGCU,1.400586615
GCCGGA,0.183692165
GCCGGC,0.995431266
GCCGGG,0.171728662
GCCGGU,0.879407594
GCCGUA,1.022782978
GCCGUC,2.672707045
GCCGUG,0.526627595
GCCGUU,1.749584674
GCCUAA,0.92732184
GCCUAC,1.480760079
GCCUAG,0.195406743
GCCUAU,1.525923545
GCCUCA,1.437687373
GCCUCC,2.503524236
GCCUCG,1.012440672
GCCUCU,2.096480604
GCCUGA,0.536944642
GCCUGC,1.518251674
GCCUGG,0.137856825
GCCUGU,1.168562568
GCCUUA,1.171533434
GCCUUC,1.79897748
GCCUUG,-0.223745728
GCCUUU,2.75865874
GCGAAA,0.951829288
GCGAAC,1.806817635
GCGAAG,0.246115094
GCGAAU,1.756376162
GCGACA,2.305034119
GCGACC,2.500310055
GCGACG,1.069140147
GCGACU,2.075812316
GCGAGA,0.518743264
GCGAGC,1.109875329
GCGAGG,0.080930404
GCGAGU,1.012712257
GCGAUA,1.325448828
GCGAUC,2.098172888
GCGAUG,0.613635618
GCGAUU,2.696918668
GCGCAA,1.390060348
GCGCAC,1.395491717
GCGCAG,0.443525481
GCGCAU,2.724678442
GCGCCA,1.014692222
GCGCCC,2.552210697
GCGCCG,0.925260111
GCGCCU,1.779344122
GCGCGA,1.316846226
GCGCGC,1.946850693
GCGCGG,0.403932887
GCGCGU,1.690991748
GCGCUA,0.795738944
GCGCUC,1.758271483
GCGCUG,0.277239992
GCGCUU,1.96576331
GCGGAA,0.835953528
GCGGAC,0.571728964
GCGGAG,0.152943505
GCGGAU,1.192898025
GCGGCA,0.833517224
GCGGCC,0.414039244
GCGGCG,0.821691836
GCGGCU,0.931063604
GCGGGA,0.515605493
GCGGGC,0.649532103
GCGGGG,0.293204292
GCGGGU,0.967456902
GCGGUA,1.08976657
GCGGUC,0.914635768
GCGGUG,0.133185895
GCGGUU,1.472119375
GCGUAA,0.918746523
GCGUAC,2.186506287
GCGUAG,0.454925913
GCGUAU,2.566373971
GCGUCA,2.681944512
GCGUCC,3.684226906
GCGUCG,1.216098876
GCGUCU,2.971740991
GCGUGA,0.464422146
GCGUGC,1.499045517
GCGUGG,0.232440273
GCGUGU,0.901820111
GCGUUA,2.020899526
GCGUUC,3.547573634
GCGUUG,0.193577537
GCGUUU,3.05525512
GCUAAA,0.798924193
GCUAAC,1.56499373
GCUAAG,0.229085853
GCUAAU,2.058588661
GCUACA,1.729303326
GCUACC,1.947461551
GCUACG,1.576278709
GCUACU,1.287871238
GCUAGA,0.348034552
GCUAGC,0.557246042
GCUAGG,0.281352878
GCUAGU,0.867157788
GCUAUA,1.337927411
GCUAUC,2.020409972
GCUAUG,0.522687954
GCUAUU,2.685208328
GCUCAA,1.374432125
GCUCAC,2.279752368
GCUCAG,0.173835774
GCUCAU,2.710706035
GCUCCA,2.368068885
GCUCCC,2.604963449
GCUCCG,1.517853444
GCUCCU,3.225794099
GCUCGA,1.346126335
GCUCGC,1.060913499
GCUCGG,0.406843895
GCUCGU,2.229849754
GCUCUA,1.079689439
GCUCUC,2.139984362
GCUCUG,0.885755132
GCUCUU,2.910604123
GCUGAA,0.765453959
GCUGAC,1.605684338
GCUGAG,0.586415333
GCUGAU,1.660805119
GCUGCA,1.737647577
GCUGCC,1.085035044
GCUGCG,0.469981413
GCUGCU,1.651569136
GCUGGA,-0.076042277
GCUGGC,0.841603567
GCUGGG,0.260331507
GCUGGU,0.484556304
GCUGUA,1.429107271
GCUGUC,2.492524947
GCUGUG,0.154660788
GCUGUU,2.043811817
GCUUAA,0.068283133
GCUUAC,1.477381027
GCUUAG,0.312577722
GCUUAU,1.20500596
GCUUCA,1.851264984
GCUUCC,3.54161988
GCUUCG,1.35708662
GCUUCU,2.254023635
GCUUGA,0.750993481
GCUUGC,1.448302389
GCUUGG,0.469893725
GCUUGU,1.532622799
GCUUUA,1.085884351
GCUUUC,2.489325082
GCUUUG,0.729337326
GCUUUU,2.90281038
GGAAAA,0.48503179
GGAAAC,1.445911634
GGAAAG,0.358131609
GGAAAU,1.417995337
GGAACA,1.149002484
GGAACC,1.816611994
GGAACG,0.908183712
GGAACU,1.897219516
GGAAGA,0.904434335
GGAAGC,1.078566199
GGAAGG,0.162508002
GGAAGU,1.414200206
GGAAUA,1.169817955
GGAAUC,1.807029466
GGAAUG,0.065167601
GGAAUU,1.775766226
GGACAA,0.910490145
GGACAC,1.222774636
GGACAG,0.302488284
GGACAU,2.081375606
GGACCA,1.25660265
GGACCC,1.606641018
GGACCG,0.669885832
GGACCU,1.981917652
GGACGA,0.805924424
GGACGC,1.469658773
GGACGG,-0.029842805
GGACGU,1.59562532
GGACUA,0.633820655
GGACUC,2.042265264
GGACUG,0.525198136
GGACUU,1.888132742
GGAGAA,0.809045324
GGAGAC,1.416433362
GGAGAG,0.636506099
GGAGAU,1.458576684
GGAGCA,1.345132845
GGAGCC,1.679972776
GGAGCG,0.545657412
GGAGCU,0.539932058
GGAGGA,0.478714633
GGAGGC,0.854617669
GGAGGG,0.266553415
GGAGGU,0.382641135
GGAGUA,1.374677589
GGAGUC,2.702655394
GGAGUG,0.312069292
GGAGUU,2.204378037
GGAUAA,0.887857979
GGAUAC,1.441743428
GGAUAG,0.257118087
GGAUAU,2.117133314
GGAUCA,1.756919822
GGAUCC,2.950661289
GGAUCG,0.908566791
GGAUCU,2.205982302
GGAUGA,0.526214516
GGAUGC,1.331212797
GGAUGG,0.006459483
GGAUGU,1.00632286
GGAUUA,1.378061029
GGAUUC,2.373747468
GGAUUG,0.327685827
GGAUUU,2.3581361
GGCAAA,0.773103135
GGCAAC,1.193998334
GGCAAG,0.228986084
GGCAAU,1.242688173
GGCACA,1.28034513
GGCACC,2.015024994
GGCACG,1.127314923
GGCACU,2.281216249
GGCAGA,0.693699177
GGCAGC,1.589112904
GGCAGG,0.292360979
GGCAGU,1.290149074
GGCAUA,1.541877098
GGCAUC,2.587305827
GGCAUG,0.303666929
GGCAUU,2.567496665
GGCCAA,0.521428994
GGCCAC,0.98528866
GGCCAG,0.99030054
GGCCAU,1.420040432
GGCCCA,1.092761767
GGCCCC,1.589146804
GGCCCG,0.802557407
GGCCCU,1.615771304
GGCCGA,0.593336773
GGCCGC,0.772809229
GGCCGG,0.319949862
GGCCGU,1.250524588
GGCCUA,0.782455789
GGCCUC,1.6965971
GGCCUG,0.454006354
GGCCUU,1.258179708
GGCGAA,1.00397959
GGCGAC,1.076392446
GGCGAG,0.405912558
GGCGAU,0.895623597
GGCGCA,1.487836031
GGCGCC,2.334938009
GGCGCG,0.857823165
GGCGCU,1.95751427
GGCGGA,0.52124868
GGCGGC,0.648308145
GGCGGG,0.181928724
GGCGGU,0.530206024
GGCGUA,1.331262346
GGCGUC,2.042454253
GGCGUG,-0.104258367
GGCGUU,1.969722979
GGCUAA,0.270991792
GGCUAC,1.435918997
GGCUAG,-0.076359462
GGCUAU,0.149717944
GGCUCA,0.935846862
GGCUCC,1.614593875
GGCUCG,1.231057053
GGCUCU,1.770110778
GGCUGA,0.391344778
GGCUGC,0.201654953
GGCUGG,-0.200872528
GGCUGU,0.717164951
GGCUUA,0.701110929
GGCUUC,1.798424614
GGCUUG,0.501072329
GGCUUU,2.043444294
GGGAAA,0.090501153
GGGAAC,0.754527412
GGGAAG,0.306592246
GGGAAU,0.781786564
GGGACA,0.720716382
GGGACC,1.050002105
GGGACG,0.379034296
GGGACU,1.564937812
GGGAGA,0.611879586
GGGAGC,0.95201247
GGGAGG,0.136012632
GGGAGU,1.006099765
GGGAUA,0.691650968
GGGAUC,0.982621031
GGGAUG,0.157041335
GGGAUU,1.257244023
GGGCAA,0.581693153
GGGCAC,1.046889552
GGGCAG,0.459286716
GGGCAU,1.416097463
GGGCCA,1.037665524
GGGCCC,1.641734559
GGGCCG,0.68487752
GGGCCU,1.75722124
GGGCGA,0.741503361
GGGCGC,1.250759295
GGGCGG,0.189742209
GGGCGU,1.462178574
GGGCUA,0.862040004
GGGCUC,1.942724946
GGGCUG,0.341234538
GGGCUU,1.662933046
GGGGAA,0.34400726
GGGGAC,0.574061971
GGGGAG,0.43974406
GGGGAU,0.535871009
GGGGCA,0.602132997
GGGGCC,0.955361258
GGGGCG,0.464555743
GGGGCU,0.813571505
GGGGGA,0.66140728
GGGGGC,1.168928214
GGGGGG,1.010070353
GGGGGU,0.859119591
GGGGUA,0.258801174
GGGGUC,0.856231617
GGGGUG,0.194328086
GGGGUU,0.637514857
GGGUAA,0.343013066
GGGUAC,0.839850224
GGGUAG,0.23985651
GGGUAU,1.183009823
GGGUCA,0.581032254
GGGUCC,1.991667288
GGGUCG,0.998361417
GGGUCU,1.651966383
GGGUGA,0.316400324
GGGUGC,0.417998085
GGGUGG,0.153059572
GGGUGU,0.85839885
GGGUUA,0.922886829
GGGUUC,1.48469205
GGGUUG,0.273923911
GGGUUU,1.586080199
GGUAAA,0.760405043
GGUAAC,1.084723012
GGUAAG,0.266197438
GGUAAU,1.193891442
GGUACA,1.501592353
GGUACC,1.588616199
GGUACG,0.280375816
GGUACU,2.000395903
GGUAGA,1.124418474
GGUAGC,1.466364311
GGUAGG,0.033083064
GGUAGU,1.498977974
GGUAUA,1.252484326
GGUAUC,2.161721034
GGUAUG,0.524683354
GGUAUU,2.244559154
GGUCAA,0.93192618
GGUCAC,1.560259156
GGUCAG,0.074456434
GGUCAU,1.997857032
GGUCCA,1.894484218
GGUCCC,2.373415305
GGUCCG,1.400434565
GGUCCU,3.186399811
GGUCGA,1.261402526
GGUCGC,1.73608485
GGUCGG,0.47437998
GGUCGU,1.645033348
GGUCUA,1.162202006
GGUCUC,2.286936392
GGUCUG,0.288831272
GGUCUU,2.357312714
GGUGAA,0.789136812
GGUGAC,1.257522006
GGUGAG,0.591486112
GGUGAU,1.00996118
GGUGCA,1.441902814
GGUGCC,1.337770303
GGUGCG,0.614582484
GGUGCU,1.360944706
GGUGGA,0.313966706
GGUGGC,0.509158993
GGUGGG,0.130939899
GGUGGU,0.071962516
GGUGUA,0.996842143
GGUGUC,1.954065387
GGUGUG,0.269891482
GGUGUU,1.762229902
GGUUAA,0.904839646
GGUUAC,0.851062068
GGUUAG,0.405483145
GGUUAU,1.746511079
GGUUCA,2.326849395
GGUUCC,2.816449551
GGUUCG,1.34166161
GGUUCU,3.355237431
GGUUGA,0.742386872
GGUUGC,1.205399763
GGUUGG,0.127753294
GGUUGU,1.399304798
GGUUUA,1.743797073
GGUUUC,2.951235473
GGUUUG,0.499765837
GGUUUU,2.912886211
GUAAAA,1.054323935
GUAAAC,1.583137192
GUAAAG,0.671837254
GUAAAU,1.949705745
GUAACA,2.659677277
GUAACC,1.628206339
GUAACG,1.489469208
GUAACU,2.774173562
GUAAGA,1.145510118
GUAAGC,1.949529596
GUAAGG,0.234691961
GUAAGU,2.205192544
GUAAUA,1.887550788
GUAAUC,2.227089066
GUAAUG,0.886016147
GUAAUU,2.577446872
GUACAA,1.203842475
GUACAC,1.92811025
GUACAG,0.243616441
GUACAU,2.749494123
GUACCA,1.619184239
GUACCC,2.984423209
GUACCG,1.676325746
GUACCU,3.141851948
GUACGA,1.45426981
GUACGC,1.995731048
GUACGG,0.15953865
GUACGU,2.182824332
GUACUA,1.824331781
GUACUC,1.954010725
GUACUG,0.470111997
GUACUU,1.767351351
GUAGAA,1.367045977
GUAGAC,0.433857574
GUAGAG,0.671967801
GUAGAU,1.298655901
GUAGCA,2.412999466
GUAGCC,1.20417515
GUAGCG,1.284906419
GUAGCU,0.356176471
GUAGGA,1.133573086
GUAGGC,0.478679576
GUAGGG,0.385408136
GUAGGU,0.975006445
GUAGUA,2.028954129
GUAGUC,2.82226248
GUAGUG,0.149803851
GUAGUU,2.615824643
GUAUAA,1.255287599
GUAUAC,2.039429836
GUAUAG,1.23110892
GUAUAU,2.782821728
GUAUCA,2.968498768
GUAUCC,2.786492168
GUAUCG,2.351470018
GUAUCU,4.005589289
GUAUGA,1.695755076
GUAUGC,2.215534547
GUAUGG,0.336788943
GUAUGU,2.453954564
GUAUUA,2.212006668
GUAUUC,3.023759213
GUAUUG,0.721673976
GUAUUU,2.94330602
GUCAAA,0.647565191
GUCAAC,1.669476357
GUCAAG,0.480028559
GUCAAU,1.816360282
GUCACA,1.738273821
GUCACC,3.129916959
GUCACG,0.833262029
GUCACU,2.589398392
GUCAGA,0.309953301
GUCAGC,0.625325913
GUCAGG,0.644706893
GUCAGU,0.442258645
GUCAUA,0.954175482
GUCAUC,2.237057097
GUCAUG,0.238454667
GUCAUU,2.283909718
GUCCAA,0.583020744
GUCCAC,1.576445084
GUCCAG,-0.200574624
GUCCAU,1.617022463
GUCCCA,2.069533471
GUCCCC,3.254763127
GUCCCG,1.017128368
GUCCCU,2.881231996
GUCCGA,0.341346555
GUCCGC,1.175867741
GUCCGG,0.235627863
GUCCGU,2.344565663
GUCCUA,1.34274499
GUCCUC,1.940260485
GUCCUG,0.481815416
GUCCUU,2.296422407
GUCGAA,0.789889989
GUCGAC,1.763685767
GUCGAG,-0.019281806
GUCGAU,1.738704667
GUCGCA,1.762062101
GUCGCC,1.776338961
GUCGCG,0.911524553
GUCGCU,1.562944768
GUCGGA,0.587446844
GUCGGC,1.200390266
GUCGGG,0.233492839
GUCGGU,1.118722366
GUCGUA,1.836127388
GUCGUC,2.625333252
GUCGUG,0.059372894
GUCGUU,2.830690957
GUCUAA,0.921612371
GUCUAC,1.181607649
GUCUAG,0.109672257
GUCUAU,1.922114437
GUCUCA,1.965730788
GUCUCC,2.983441642
GUCUCG,0.863558443
GUCUCU,2.85201017
GUCUGA,1.105227679
GUCUGC,1.182833953
GUCUGG,0.378932373
GUCUGU,1.706254821
GUCUUA,1.439422599
GUCUUC,2.563413825
GUCUUG,0.627997782
GUCUUU,3.383664802
GUGAAA,0.747381502
GUGAAC,1.31598634
GUGAAG,0.508935486
GUGAAU,1.97515047
GUGACA,1.870104235
GUGACC,2.385265053
GUGACG,0.930856058
GUGACU,1.513272565
GUGAGA,0.769187559
GUGAGC,0.538109554
GUGAGG,0.244253512
GUGAGU,1.335926603
GUGAUA,1.555906879
GUGAUC,1.460591248
GUGAUG,0.372018599
GUGAUU,2.245708634
GUGCAA,1.092257721
GUGCAC,1.937603179
GUGCAG,0.608957544
GUGCAU,2.575810091
GUGCCA,1.164560235
GUGCCC,2.55720415
GUGCCG,0.547113525
GUGCCU,1.632876788
GUGCGA,1.088450372
GUGCGC,1.784622963
GUGCGG,0.331102972
GUGCGU,1.811254874
GUGCUA,1.029073292
GUGCUC,1.036298724
GUGCUG,0.624756997
GUGCUU,1.888026797
GUGGAA,0.726717944
GUGGAC,0.622161129
GUGGAG,0.358396409
GUGGAU,0.705266667
GUGGCA,0.568012312
GUGGCC,0.024802956
GUGGCG,0.54620123
GUGGCU,-0.244275046
GUGGGA,0.386388195
GUGGGC,0.337609691
GUGGGG,0.088848326
GUGGGU,0.454604907
GUGGUA,0.474436709
GUGGUC,0.329885493
GUGGUG,0.052859614
GUGGUU,0.631793294
GUGUAA,1.091799854
GUGUAC,1.463405098
GUGUAG,0.603220199
GUGUAU,2.460763015
GUGUCA,2.328224008
GUGUCC,3.253894804
GUGUCG,1.517432536
GUGUCU,2.659036203
GUGUGA,0.879028493
GUGUGC,0.695066114
GUGUGG,-0.089348642
GUGUGU,0.959126421
GUGUUA,1.490937447
GUGUUC,2.311626914
GUGUUG,0.352653695
GUGUUU,3.050893704
GUUAAA,1.142179655
GUUAAC,2.208965854
GUUAAG,0.759045971
GUUAAU,3.04344979
GUUACA,2.645989098
GUUACC,3.267767196
GUUACG,1.407006225
GUUACU,3.462887517
GUUAGA,0.174248825
GUUAGC,1.297608996
GUUAGG,0.387863163
GUUAGU,1.618733601
GUUAUA,2.19807653
GUUAUC,2.39082084
GUUAUG,0.719362246
GUUAUU,3.390133334
GUUCAA,1.585288586
GUUCAC,2.201450082
GUUCAG,0.428711469
GUUCAU,3.212333142
GUUCCA,2.844972266
GUUCCC,3.453664924
GUUCCG,2.384698703
GUUCCU,3.819165782
GUUCGA,1.499463352
GUUCGC,2.141430212
GUUCGG,-0.001213263
GUUCGU,2.881281907
GUUCUA,2.09549138
GUUCUC,3.560180547
GUUCUG,1.328732855
GUUCUU,2.817056388
GUUGAA,0.958045084
GUUGAC,1.702070625
GUUGAG,0.939780178
GUUGAU,2.162661564
GUUGCA,2.624362291
GUUGCC,1.275232584
GUUGCG,0.59654262
GUUGCU,1.309147839
GUUGGA,0.206429723
GUUGGC,0.766892774
GUUGGG,0.095448693
GUUGGU,0.369169651
GUUGUA,2.333889962
GUUGUC,2.494083825
GUUGUG,0.364269496
GUUGUU,2.132488084
GUUUAA,0.85247214
GUUUAC,2.434000443
GUUUAG,0.341692066
GUUUAU,3.196888464
GUUUCA,3.200991416
GUUUCC,3.887425535
GUUUCG,2.701043833
GUUUCU,3.838153167
GUUUGA,1.702234204
GUUUGC,2.316298571
GUUUGG,0.247252098
GUUUGU,1.993717098
GUUUUA,2.186291545
GUUUUC,3.141832534
GUUUUG,0.58866158
GUUUUU,2.650822695
UAAAAA,1.863869056
UAAAAC,2.709105135
UAAAAG,1.192788836
UAAAAU,4.345529341
UAAACA,4.599061619
UAAACC,4.082393924
UAAACG,2.865749977
UAAACU,4.655712658
UAAAGA,2.490376487
UAAAGC,2.486960225
UAAAGG,0.288789479
UAAAGU,4.163157413
UAAAUA,3.636028384
UAAAUC,3.961917064
UAAAUG,0.626075512
UAAAUU,5.232883623
UAACAA,2.840978677
UAACAC,3.394344428
UAACAG,1.061026043
UAACAU,5.141626775
UAACCA,3.647901535
UAACCC,4.383327542
UAACCG,3.635529053
UAACCU,5.002117576
UAACGA,3.235228249
UAACGC,2.953783818
UAACGG,0.28436402
UAACGU,4.557957701
UAACUA,3.104249322
UAACUC,4.268097823
UAACUG,0.845326267
UAACUU,2.589900312
UAAGAA,2.956954164
UAAGAC,0.284135632
UAAGAG,0.887390548
UAAGAU,3.41899604
UAAGCA,2.57526968
UAAGCC,0.928184689
UAAGCG,1.733221898
UAAGCU,0.803962996
UAAGGA,1.271989217
UAAGGC,0.454799728
UAAGGG,0.425913707
UAAGGU,0.890700563
UAAGUA,3.758695641
UAAGUC,4.441319858
UAAGUG,1.000481181
UAAGUU,4.120123212
UAAUAA,3.315959257
UAAUAC,4.188140785
UAAUAG,1.329719029
UAAUAU,5.884022331
UAAUCA,6.054827831
UAAUCC,6.228481506
UAAUCG,3.99926796
UAAUCU,7.058403907
UAAUGA,2.885851018
UAAUGC,3.552336578
UAAUGG,0.20686731
UAAUGU,4.265854386
UAAUUA,4.231146351
UAAUUC,5.004274973
UAAUUG,1.026178663
UAAUUU,6.254763272
UACAAA,2.421869036
UACAAC,3.397419529
UACAAG,1.325847666
UACAAU,4.645480135
UACACA,5.811446086
UACACC,5.282439931
UACACG,3.271558888
UACACU,5.521872302
UACAGA,1.880932568
UACAGC,2.833747215
UACAGG,0.646648515
UACAGU,4.168303573
UACAUA,4.424107439
UACAUC,5.31805527
UACAUG,1.732799313
UACAUU,6.416439783
UACCAA,2.567066381
UACCAC,3.642751957
UACCAG,0.275957393
UACCAU,4.832986867
UACCCA,4.09233545
UACCCC,5.010311053
UACCCG,3.583812665
UACCCU,5.208845094
UACCGA,3.166530686
UACCGC,3.940516308
UACCGG,0.416896879
UACCGU,5.039726614
UACCUA,3.040295609
UACCUC,4.118088125
UACCUG,1.08813625
UACCUU,5.137922649
UACGAA,2.882083874
UACGAC,1.388252055
UACGAG,0.801087717
UACGAU,4.518538113
UACGCA,3.597580414
UACGCC,1.51132157
UACGCG,2.701179425
UACGCU,1.146326704
UACGGA,1.633385014
UACGGC,1.027842328
UACGGG,0.353299969
UACGGU,1.094530176
UACGUA,3.333537619
UACGUC,4.824132638
UACGUG,1.222458396
UACGUU,4.606431385
UACUAA,2.190332738
UACUAC,2.841098719
UACUAG,0.729662292
UACUAU,4.655410308
UACUCA,4.929454061
UACUCC,4.859636289
UACUCG,3.323308142
UACUCU,5.415955208
UACUGA,1.09911227
UACUGC,2.26881189
UACUGG,0.200458328
UACUGU,2.517897532
UACUUA,0.766637605
UACUUC,3.30413053
UACUUG,0.850273157
UACUUU,3.091438874
UAGAAA,1.678156186
UAGAAC,2.236065429
UAGAAG,1.252906831
UAGAAU,3.680406949
UAGACA,0.83447578
UAGACC,1.084082459
UAGACG,0.352850167
UAGACU,0.452090098
UAGAGA,1.307760328
UAGAGC,1.084663374
UAGAGG,0.262239949
UAGAGU,1.992684078
UAGAUA,1.86469909
UAGAUC,2.121403716
UAGAUG,0.242485318
UAGAUU,2.756124636
UAGCAA,1.601880816
UAGCAC,2.131519294
UAGCAG,1.086787848
UAGCAU,2.54400013
UAGCCA,-0.240455753
UAGCCC,0.500682796
UAGCCG,-0.5907709
UAGCCU,-0.328998366
UAGCGA,1.448341302
UAGCGC,1.867444281
UAGCGG,0.037908564
UAGCGU,2.034840586
UAGCUA,0.541499844
UAGCUC,1.453836544
UAGCUG,0.336024208
UAGCUU,1.279553861
UAGGAA,0.755838986
UAGGAC,1.141282029
UAGGAG,0.558041933
UAGGAU,1.706134062
UAGGCA,0.754313985
UAGGCC,0.204212457
UAGGCG,0.704614757
UAGGCU,0.478548469
UAGGGA,0.482834236
UAGGGC,0.795525015
UAGGGG,0.05412773
UAGGGU,0.246215226
UAGGUA,1.26739077
UAGGUC,0.588622685
UAGGUG,0.387472353
UAGGUU,1.565098682
UAGUAA,2.463969184
UAGUAC,3.424513485
UAGUAG,0.625624195
UAGUAU,5.620944691
UAGUCA,4.605991813
UAGUCC,3.232542247
UAGUCG,3.418186025
UAGUCU,2.636680455
UAGUGA,1.738940252
UAGUGC,1.591920123
UAGUGG,0.049852059
UAGUGU,2.422778964
UAGUUA,2.014092341
UAGUUC,4.304874411
UAGUUG,0.699085766
UAGUUU,5.103028698
UAUAAA,2.998147012
UAUAAC,3.741062614
UAUAAG,1.872579599
UAUAAU,6.270856248
UAUACA,6.075652656
UAUACC,6.143869294
UAUACG,3.33725056
UAUACU,6.351902219
UAUAGA,1.979526104
UAUAGC,1.620941035
UAUAGG,0.691489327
UAUAGU,4.612323601
UAUAUA,4.84179472
UAUAUC,5.766610353
UAUAUG,2.13477243
UAUAUU,7.327855007
UAUCAA,3.568149489
UAUCAC,4.96584621
UAUCAG,1.674795382
UAUCAU,6.862980225
UAUCCA,5.903862307
UAUCCC,6.104458852
UAUCCG,4.854829785
UAUCCU,7.689948698
UAUCGA,4.097607707
UAUCGC,3.964516021
UAUCGG,0.911863282
UAUCGU,6.316920008
UAUCUA,4.187141207
UAUCUC,5.240757127
UAUCUG,1.420436662
UAUCUU,5.85484799
UAUGAA,3.566177675
UAUGAC,1.933842475
UAUGAG,1.1703688
UAUGAU,5.085722436
UAUGCA,4.494919444
UAUGCC,2.010806596
UAUGCG,2.104448317
UAUGCU,1.255153501
UAUGGA,0.97342011
UAUGGC,1.710408895
UAUGGG,0.413521426
UAUGGU,0.74655184
UAUGUA,4.655572333
UAUGUC,5.24111466
UAUGUG,1.016055275
UAUGUU,4.338262494
UAUUAA,4.05583379
UAUUAC,4.887167664
UAUUAG,0.289821374
UAUUAU,6.503586682
UAUUCA,6.983227126
UAUUCC,7.156511085
UAUUCG,4.857132582
UAUUCU,7.667812998
UAUUGA,3.496429094
UAUUGC,4.059284406
UAUUGG,0.437694127
UAUUGU,4.578844985
UAUUUA,4.438981035
UAUUUC,6.074936859
UAUUUG,1.677077583
UAUUUU,7.045206316
UCAAAA,2.204927431
UCAAAC,3.292108407
UCAAAG,1.231818513
UCAAAU,4.62752516
UCAACA,4.047564733
UCAACC,4.207167676
UCAACG,3.113686021
UCAACU,4.249882119
UCAAGA,2.19358288
UCAAGC,2.879582124
UCAAGG,0.401617234
UCAAGU,4.21616069
UCAAUA,3.944215287
UCAAUC,4.694297121
UCAAUG,1.280624348
UCAAUU,5.673628816
UCACAA,2.9352013
UCACAC,4.099387332
UCACAG,1.460831021
UCACAU,6.408412439
UCACCA,5.21102614
UCACCC,5.042250772
UCACCG,4.28805161
UCACCU,6.677540825
UCACGA,3.252776695
UCACGC,3.932027874
UCACGG,0.050309806
UCACGU,5.099512082
UCACUA,3.568427247
UCACUC,4.171059245
UCACUG,0.726610328
UCACUU,3.828673645
UCAGAA,0.255343102
UCAGAC,0.69112558
UCAGAG,-0.182640753
UCAGAU,0.946586645
UCAGCA,1.432495065
UCAGCC,2.176571938
UCAGCG,1.187001489
UCAGCU,0.781747379
UCAGGA,0.794465614
UCAGGC,0.917536579
UCAGGG,0.471380614
UCAGGU,1.106148599
UCAGUA,1.091353613
UCAGUC,2.062362634
UCAGUG,0.283701579
UCAGUU,2.278774646
UCAUAA,3.029580651
UCAUAC,4.713991144
UCAUAG,1.201429349
UCAUAU,5.914251481
UCAUCA,6.805287591
UCAUCC,6.206133903
UCAUCG,4.105510314
UCAUCU,7.90115397
UCAUGA,2.727365688
UCAUGC,3.688762648
UCAUGG,0.411983579
UCAUGU,3.54094135
UCAUUA,4.752387923
UCAUUC,5.879373357
UCAUUG,1.278696467
UCAUUU,6.443145916
UCCAAA,1.661129343
UCCAAC,2.071791468
UCCAAG,1.216383904
UCCAAU,2.919839669
UCCACA,4.000959205
UCCACC,3.96193684
UCCACG,2.205927859
UCCACU,4.045648334
UCCAGA,0.298212485
UCCAGC,0.739106518
UCCAGG,0.669387434
UCCAGU,0.456293654
UCCAUA,2.330334817
UCCAUC,3.499146843
UCCAUG,0.601001218
UCCAUU,3.809003566
UCCCAA,3.610179422
UCCCAC,3.81234895
UCCCAG,1.186797063
UCCCAU,5.006380945
UCCCCA,4.274678901
UCCCCC,5.652288569
UCCCCG,4.187447239
UCCCCU,6.680076752
UCCCGA,2.580067043
UCCCGC,4.835755318
UCCCGG,0.649889945
UCCCGU,4.656515925
UCCCUA,2.589693407
UCCCUC,4.572413048
UCCCUG,1.301067267
UCCCUU,5.823432098
UCCGAA,1.789038652
UCCGAC,2.212486519
UCCGAG,0.651010395
UCCGAU,3.569053996
UCCGCA,3.688465439
UCCGCC,1.75292899
UCCGCG,2.155627274
UCCGCU,2.035697853
UCCGGA,0.534308384
UCCGGC,1.394312099
UCCGGG,0.392798235
UCCGGU,1.468626023
UCCGUA,3.475931839
UCCGUC,5.176323497
UCCGUG,0.906232583
UCCGUU,4.922328327
UCCUAA,1.64659823
UCCUAC,3.328254711
UCCUAG,1.313447083
UCCUAU,4.831541705
UCCUCA,5.264105071
UCCUCC,6.118911903
UCCUCG,3.546124284
UCCUCU,6.469966753
UCCUGA,2.492906868
UCCUGC,2.444473271
UCCUGG,0.290779719
UCCUGU,4.0015678
UCCUUA,2.793211074
UCCUUC,5.592320899
UCCUUG,1.271641846
UCCUUU,5.83145507
UCGAAA,1.941157072
UCGAAC,3.002604984
UCGAAG,0.775922042
UCGAAU,5.745769381
UCGACA,3.645300086
UCGACC,3.624161838
UCGACG,2.382185556
UCGACU,2.235412335
UCGAGA,1.929101923
UCGAGC,0.708386196
UCGAGG,-0.07737347
UCGAGU,1.77441726
UCGAUA,3.435996186
UCGAUC,4.136877875
UCGAUG,1.448928014
UCGAUU,5.524066394
UCGCAA,2.604324692
UCGCAC,3.531228919
UCGCAG,1.487870739
UCGCAU,5.10561957
UCGCCA,1.065255291
UCGCCC,2.23884435
UCGCCG,1.873318544
UCGCCU,2.67776045
UCGCGA,3.17904841
UCGCGC,2.984878577
UCGCGG,0.425132473
UCGCGU,4.899638182
UCGCUA,1.322791816
UCGCUC,3.243292383
UCGCUG,0.814348922
UCGCUU,3.866525315
UCGGAA,1.402983192
UCGGAC,0.918118446
UCGGAG,-0.145994681
UCGGAU,1.312312371
UCGGCA,1.235294973
UCGGCC,0.605625227
UCGGCG,1.680486875
UCGGCU,1.062960897
UCGGGA,0.467215005
UCGGGC,1.028474093
UCGGGG,0.241777423
UCGGGU,0.939790255
UCGGUA,1.689549613
UCGGUC,1.117453462
UCGGUG,0.687143739
UCGGUU,2.216358737
UCGUAA,3.195294587
UCGUAC,4.696550874
UCGUAG,0.900712762
UCGUAU,6.677554694
UCGUCA,6.12331808
UCGUCC,5.497391358
UCGUCG,4.488679877
UCGUCU,6.985058163
UCGUGA,2.157965866
UCGUGC,1.881909933
UCGUGG,0.204241695
UCGUGU,2.781515086
UCGUUA,4.00651156
UCGUUC,5.15341209
UCGUUG,1.053214175
UCGUUU,6.222884709
UCUAAA,3.037746869
UCUAAC,4.168648083
UCUAAG,2.038649004
UCUAAU,5.804192831
UCUACA,5.687366851
UCUACC,4.89777613
UCUACG,3.038122031
UCUACU,6.37477071
UCUAGA,1.737005682
UCUAGC,2.194805771
UCUAGG,0.633726281
UCUAGU,4.167367427
UCUAUA,4.415551038
UCUAUC,5.634865053
UCUAUG,1.639281406
UCUAUU,7.093448881
UCUCAA,3.750171008
UCUCAC,3.571941014
UCUCAG,1.441677939
UCUCAU,6.675762047
UCUCCA,6.559130064
UCUCCC,5.35682358
UCUCCG,4.918040622
UCUCCU,7.284618417
UCUCGA,4.234831763
UCUCGC,4.442852396
UCUCGG,0.754796311
UCUCGU,6.116766892
UCUCUA,3.978256975
UCUCUC,4.490244936
UCUCUG,0.962003479
UCUCUU,5.912841903
UCUGAA,3.076900266
UCUGAC,1.735025952
UCUGAG,0.507414631
UCUGAU,3.883452027
UCUGCA,4.157628709
UCUGCC,1.388677137
UCUGCG,3.025367127
UCUGCU,2.196467505
UCUGGA,1.136491605
UCUGGC,1.005202933
UCUGGG,-0.061588211
UCUGGU,0.991577227
UCUGUA,4.585493052
UCUGUC,5.417550197
UCUGUG,0.576523675
UCUGUU,4.276219403
UCUUAA,1.247993182
UCUUAC,3.441337118
UCUUAG,0.306560316
UCUUAU,3.163972623
UCUUCA,6.436765637
UCUUCC,6.302836248
UCUUCG,5.227446981
UCUUCU,6.481028264
UCUUGA,2.830711155
UCUUGC,3.555169185
UCUUGG,0.376892817
UCUUGU,4.076678426
UCUUUA,4.029009007
UCUUUC,5.948751441
UCUUUG,1.519484602
UCUUUU,5.844179786
UGAAAA,1.746308057
UGAAAC,2.255002084
UGAAAG,0.996070586
UGAAAU,3.582165878
UGAACA,3.318406183
UGAACC,2.311863979
UGAACG,1.786519167
UGAACU,2.477205045
UGAAGA,1.729416372
UGAAGC,1.726907091
UGAAGG,0.303606434
UGAAGU,2.432210665
UGAAUA,2.545282155
UGAAUC,3.058562083
UGAAUG,0.831891129
UGAAUU,4.048397317
UGACAA,1.50816401
UGACAC,1.93117911
UGACAG,0.740554031
UGACAU,2.441976924
UGACCA,1.357512273
UGACCC,0.976188067
UGACCG,1.426942696
UGACCU,2.424111179
UGACGA,0.829520318
UGACGC,1.615069011
UGACGG,-0.018238906
UGACGU,1.984354079
UGACUA,0.847302698
UGACUC,1.406605169
UGACUG,0.985413294
UGACUU,0.577300578
UGAGAA,1.218562141
UGAGAC,0.954860952
UGAGAG,0.684327126
UGAGAU,1.854744459
UGAGCA,0.540435116
UGAGCC,0.242407087
UGAGCG,0.722668073
UGAGCU,-0.459744083
UGAGGA,0.520067877
UGAGGC,0.704853382
UGAGGG,0.177019624
UGAGGU,0.802229888
UGAGUA,1.157291247
UGAGUC,1.671160449
UGAGUG,0.554511778
UGAGUU,0.571530089
UGAUAA,2.159239046
UGAUAC,2.680340708
UGAUAG,0.999996535
UGAUAU,4.133857743
UGAUCA,3.941452492
UGAUCC,3.109099083
UGAUCG,3.171508545
UGAUCU,3.55225148
UGAUGA,0.929192357
UGAUGC,0.894900744
UGAUGG,0.348098321
UGAUGU,1.446934244
UGAUUA,2.88303163
UGAUUC,3.6971109
UGAUUG,0.496175759
UGAUUU,2.996186271
UGCAAA,1.497678496
UGCAAC,1.020511744
UGCAAG,1.240299075
UGCAAU,2.832816985
UGCACA,2.993564953
UGCACC,2.482575746
UGCACG,1.936363662
UGCACU,2.747767022
UGCAGA,1.53967105
UGCAGC,1.834007311
UGCAGG,0.306471149
UGCAGU,1.926985587
UGCAUA,2.559068631
UGCAUC,2.86533025
UGCAUG,1.233605645
UGCAUU,3.905373554
UGCCAA,0.519054122
UGCCAC,1.462441205
UGCCAG,-0.277181898
UGCCAU,1.271738646
UGCCCA,1.138987255
UGCCCC,2.311988812
UGCCCG,1.010749218
UGCCCU,2.400582714
UGCCGA,1.025155576
UGCCGC,1.380317788
UGCCGG,-0.142933585
UGCCGU,1.508641056
UGCCUA,0.327753245
UGCCUC,1.153194962
UGCCUG,0.299269638
UGCCUU,1.197627942
UGCGAA,1.235838901
UGCGAC,1.00335847
UGCGAG,0.40893653
UGCGAU,2.440978942
UGCGCA,2.516549229
UGCGCC,0.362374579
UGCGCG,1.279757027
UGCGCU,0.36678812
UGCGGA,0.589891796
UGCGGC,0.982016305
UGCGGG,0.413714071
UGCGGU,0.989314595
UGCGUA,2.180264098
UGCGUC,2.392034294
UGCGUG,0.795086136
UGCGUU,2.482724483
UGCUAA,1.011074714
UGCUAC,-0.314332455
UGCUAG,0.300037732
UGCUAU,1.057431225
UGCUCA,1.788004222
UGCUCC,1.908301373
UGCUCG,1.271755276
UGCUCU,0.015841174
UGCUGA,0.09440747
UGCUGC,0.96711817
UGCUGG,0.716145764
UGCUGU,0.992081456
UGCUUA,1.191623717
UGCUUC,1.609541675
UGCUUG,0.564083425
UGCUUU,1.99099645
UGGAAA,0.344304643
UGGAAC,1.083418069
UGGAAG,0.404731333
UGGAAU,1.124949293
UGGACA,0.748715264
UGGACC,0.621755351
UGGACG,0.38213494
UGGACU,0.636958136
UGGAGA,0.501172927
UGGAGC,0.727401189
UGGAGG,0.341205774
UGGAGU,0.954179704
UGGAUA,1.122051601
UGGAUC,0.74772106
UGGAUG,0.247666028
UGGAUU,1.332957592
UGGCAA,0.810845441
UGGCAC,1.058129245
UGGCAG,0.651283067
UGGCAU,1.336465048
UGGCCA,0.534157042
UGGCCC,0.539315919
UGGCCG,0.675708192
UGGCCU,0.504721873
UGGCGA,0.500931023
UGGCGC,1.535372006
UGGCGG,0.337293859
UGGCGU,1.640164
UGGCUA,0.739823082
UGGCUC,0.894666309
UGGCUG,0.223310719
UGGCUU,0.760633175
UGGGAA,0.238977704
UGGGAC,0.514389187
UGGGAG,0.367106078
UGGGAU,0.608688261
UGGGCA,0.386849784
UGGGCC,0.260812507
UGGGCG,0.303792765
UGGGCU,0.320770338
UGGGGA,0.229623679
UGGGGC,0.485033881
UGGGGG,0.120171106
UGGGGU,0.379738405
UGGGUA,0.261758011
UGGGUC,0.600509651
UGGGUG,0.019562117
UGGGUU,0.462846439
UGGUAA,0.23028113
UGGUAC,0.794981322
UGGUAG,0.371602247
UGGUAU,1.093855639
UGGUCA,0.767115775
UGGUCC,0.647004395
UGGUCG,0.76179046
UGGUCU,0.498775144
UGGUGA,0.676342923
UGGUGC,0.84666193
UGGUGG,0.120209552
UGGUGU,1.002259184
UGGUUA,0.537917412
UGGUUC,1.611942108
UGGUUG,0.021527086
UGGUUU,1.240682919
UGUAAA,2.08796202
UGUAAC,2.885426842
UGUAAG,1.03693098
UGUAAU,4.865255579
UGUACA,4.45663787
UGUACC,3.882115273
UGUACG,2.999968977
UGUACU,4.252627694
UGUAGA,1.729811356
UGUAGC,1.714762095
UGUAGG,0.62348267
UGUAGU,2.343692378
UGUAUA,3.491229006
UGUAUC,4.204782225
UGUAUG,1.288624092
UGUAUU,5.231802724
UGUCAA,1.618684538
UGUCAC,2.761755994
UGUCAG,0.067458748
UGUCAU,3.626471034
UGUCCA,2.509879377
UGUCCC,3.946031983
UGUCCG,3.007557746
UGUCCU,3.510327029
UGUCGA,1.912300607
UGUCGC,2.161816396
UGUCGG,0.304206795
UGUCGU,2.183198235
UGUCUA,2.196510415
UGUCUC,2.800331098
UGUCUG,1.070249358
UGUCUU,3.298156925
UGUGAA,1.902306835
UGUGAC,1.261569214
UGUGAG,0.934642893
UGUGAU,2.327824658
UGUGCA,1.984038945
UGUGCC,1.488166303
UGUGCG,1.056256166
UGUGCU,0.594108027
UGUGGA,0.63074093
UGUGGC,0.481490856
UGUGGG,0.213836102
UGUGGU,0.297777286
UGUGUA,2.97280754
UGUGUC,3.220421952
UGUGUG,0.949409607
UGUGUU,2.595553494
UGUUAA,2.093089732
UGUUAC,2.730889567
UGUUAG,-0.545727921
UGUUAU,3.526825286
UGUUCA,3.669299348
UGUUCC,4.358126557
UGUUCG,2.39159134
UGUUCU,3.29211709
UGUUGA,1.3034584
UGUUGC,1.496299113
UGUUGG,-0.081098504
UGUUGU,1.174084752
UGUUUA,3.433577657
UGUUUC,4.083039823
UGUUUG,0.813160691
UGUUUU,4.528147521
UUAAAA,1.611333173
UUAAAC,1.910580803
UUAAAG,0.889722026
UUAAAU,3.925980031
UUAACA,2.978779076
UUAACC,2.996043083
UUAACG,1.967554841
UUAACU,2.892987761
UUAAGA,1.6666663
UUAAGC,1.525411314
UUAAGG,0.297703491
UUAAGU,2.875451656
UUAAUA,2.689738929
UUAAUC,3.122491081
UUAAUG,0.674581578
UUAAUU,4.673494572
UUACAA,2.391251021
UUACAC,2.373734483
UUACAG,1.438647298
UUACAU,4.318862924
UUACCA,3.426597118
UUACCC,3.922588352
UUACCG,2.679454988
UUACCU,4.551813392
UUACGA,1.484813006
UUACGC,1.426945111
UUACGG,0.263920547
UUACGU,3.364822001
UUACUA,2.23173387
UUACUC,3.49430887
UUACUG,0.692763611
UUACUU,2.308460208
UUAGAA,0.623121066
UUAGAC,-0.179851424
UUAGAG,0.409155962
UUAGAU,0.56710844
UUAGCA,0.8826736
UUAGCC,0.979046454
UUAGCG,0.572750414
UUAGCU,0.762816522
UUAGGA,0.713353055
UUAGGC,0.739101504
UUAGGG,0.429822115
UUAGGU,0.748431501
UUAGUA,0.930399031
UUAGUC,1.559540973
UUAGUG,0.125607168
UUAGUU,1.684477659
UUAUAA,1.82076819
UUAUAC,2.024040035
UUAUAG,1.35650515
UUAUAU,4.312653622
UUAUCA,3.361338518
UUAUCC,5.440105007
UUAUCG,3.795710932
UUAUCU,5.546734695
UUAUGA,2.112462166
UUAUGC,2.257660031
UUAUGG,0.305954984
UUAUGU,2.848990878
UUAUUA,3.268666387
UUAUUC,3.406827897
UUAUUG,1.11471291
UUAUUU,5.078330636
UUCAAA,2.611505891
UUCAAC,3.167889007
UUCAAG,1.304167365
UUCAAU,5.28204576
UUCACA,6.1478238
UUCACC,5.309891126
UUCACG,4.097631928
UUCACU,6.311813052
UUCAGA,1.180138536
UUCAGC,2.178653368
UUCAGG,0.731238646
UUCAGU,3.592811056
UUCAUA,4.709072104
UUCAUC,5.458555641
UUCAUG,1.553749253
UUCAUU,7.039399356
UUCCAA,2.668483505
UUCCAC,3.439911639
UUCCAG,0.733831483
UUCCAU,5.648632975
UUCCCA,5.343168062
UUCCCC,5.929751771
UUCCCG,4.305695063
UUCCCU,6.496079117
UUCCGA,3.362327635
UUCCGC,3.905247569
UUCCGG,0.132415394
UUCCGU,5.20427305
UUCCUA,3.60505195
UUCCUC,4.770274192
UUCCUG,1.375806059
UUCCUU,5.269344694
UUCGAA,2.842781025
UUCGAC,0.642013944
UUCGAG,1.60069325
UUCGAU,3.460736732
UUCGCA,2.797202421
UUCGCC,1.436085732
UUCGCG,2.2452203
UUCGCU,2.43188844
UUCGGA,1.512588225
UUCGGC,1.512667665
UUCGGG,0.389822459
UUCGGU,1.319676076
UUCGUA,4.629792363
UUCGUC,5.206571403
UUCGUG,1.294001039
UUCGUU,5.036008376
UUCUAA,3.231719327
UUCUAC,3.044691826
UUCUAG,1.73295631
UUCUAU,5.878023128
UUCUCA,6.995718294
UUCUCC,6.224274322
UUCUCG,5.063472509
UUCUCU,7.36757969
UUCUGA,2.874764727
UUCUGC,2.583226537
UUCUGG,0.138920291
UUCUGU,4.200452161
UUCUUA,3.372952112
UUCUUC,4.865177642
UUCUUG,1.130041848
UUCUUU,6.582916868
UUGAAA,1.86593555
UUGAAC,2.244373015
UUGAAG,0.920808187
UUGAAU,3.990523275
UUGACA,1.743495803
UUGACC,1.255884108
UUGACG,1.139625075
UUGACU,0.605687845
UUGAGA,1.078085102
UUGAGC,0.305027618
UUGAGG,-0.063412442
UUGAGU,1.478789843
UUGAUA,2.386514145
UUGAUC,3.158897867
UUGAUG,0.782340006
UUGAUU,4.200391503
UUGCAA,2.37510973
UUGCAC,2.604541931
UUGCAG,1.168503694
UUGCAU,4.705122096
UUGCCA,1.426375092
UUGCCC,3.459012657
UUGCCG,1.583332971
UUGCCU,2.482289184
UUGCGA,1.810160799
UUGCGC,2.180675046
UUGCGG,0.455706887
UUGCGU,3.03221756
UUGCUA,0.74930999
UUGCUC,3.126337183
UUGCUG,0.791286106
UUGCUU,1.957942214
UUGGAA,0.908210551
UUGGAC,0.541454448
UUGGAG,0.789505236
UUGGAU,0.766706826
UUGGCA,0.951427468
UUGGCC,0.532912502
UUGGCG,0.78344758
UUGGCU,0.733905257
UUGGGA,0.742940137
UUGGGC,0.614821266
UUGGGG,0.270704691
UUGGGU,0.797001667
UUGGUA,0.650622168
UUGGUC,1.039470878
UUGGUG,0.51260979
UUGGUU,0.817335494
UUGUAA,2.802870401
UUGUAC,2.892078177
UUGUAG,0.835494093
UUGUAU,5.16201401
UUGUCA,4.754525226
UUGUCC,4.68159471
UUGUCG,2.969934149
UUGUCU,3.717469289
UUGUGA,1.411023784
UUGUGC,1.151671221
UUGUGG,0.10003265
UUGUGU,1.759855905
UUGUUA,2.807791489
UUGUUC,4.148775196
UUGUUG,0.775316999
UUGUUU,4.919542828
UUUAAA,2.473463357
UUUAAC,3.657677554
UUUAAG,1.393100932
UUUAAU,5.474887604
UUUACA,5.228644761
UUUACC,5.220356585
UUUACG,3.4216999
UUUACU,5.580926504
UUUAGA,0.767753748
UUUAGC,0.745593286
UUUAGG,0.928717785
UUUAGU,2.426586637
UUUAUA,4.222565363
UUUAUC,4.590463012
UUUAUG,1.07858413
UUUAUU,6.172279035
UUUCAA,3.572996211
UUUCAC,4.208333086
UUUCAG,1.328277417
UUUCAU,6.523881972
UUUCCA,5.826005944
UUUCCC,6.051722274
UUUCCG,4.215175341
UUUCCU,7.68674197
UUUCGA,4.050729766
UUUCGC,3.708555144
UUUCGG,0.909967602
UUUCGU,5.385566935
UUUCUA,4.001697434
UUUCUC,4.950475336
UUUCUG,1.331309562
UUUCUU,5.509255333
UUUGAA,2.994059947
UUUGAC,1.408564804
UUUGAG,1.078345604
UUUGAU,3.327864225
UUUGCA,2.25141667
UUUGCC,1.31582239
UUUGCG,1.893823347
UUUGCU,1.828281667
UUUGGA,1.055413256
UUUGGC,0.593392186
UUUGGG,0.522614411
UUUGGU,0.912183194
UUUGUA,4.333785412
UUUGUC,4.322800669
UUUGUG,0.839054297
UUUGUU,3.676664891
UUUUAA,3.196007341
UUUUAC,3.820979436
UUUUAG,0.571242383
UUUUAU,6.133125898
UUUUCA,6.910492677
UUUUCC,6.465141613
UUUUCG,4.590163834
UUUUCU,7.732929731
UUUUGA,3.287035633
UUUUGC,3.012788346
UUUUGG,0.457981964
UUUUGU,4.01629065
UUUUUA,4.822360069
UUUUUC,5.54586275
UUUUUG,1.279747008
UUUUUU,6.380738845
