"","X","seq","RK","RKAAVG.A","RKAAVG.B","MFEA","MFEB","RKB"
"383",432,"ACUGCC",0.418658901,0.332535556,0.716208363,-4.3,-8.1,1.091514056
"508",576,"AGGACC",0.857460881,0.241436036,1.39307094,-5.2,-7.8,1.3190865
"520",589,"AGGCAU",1.279280395,0.860803274,1.690081369,-3,-7.8,1.508731868
"526",595,"AGGCGC",0.7344118,0.476139508,1.415620903,-3,-7.8,1.318653816
"528",597,"AGGCGU",0.906221237,0.604798133,1.607245861,-3,-7.6,1.601843067
"535",607,"AGGGCU",0.30326412,0.186128866,1.180542913,-4.4,-8,1.22832737
"546",619,"AGGUCC",0.406711087,0.088451938,1.764634216,-7.3,-7.8,1.025319533
"548",621,"AGGUCU",0.237657053,0.064531029,1.692790363,-6.3,-7.5,1.534007873
"553",626,"AGGUUA",0.354130502,0.115990207,1.466339007,-3,-7,1.13614811
"1043",1179,"CCAGAC",1.839003339,1.137535723,1.041044366,-1.7,-7.5,1.098881223
"1045",1181,"CCAGAU",2.252810483,1.405478514,1.410088433,-1.7,-7.4,1.279406253
"1870",2124,"GCCAAC",0.433946264,0.541199732,1.366949059,-3.2,-7.6,1.183741475
"1872",2126,"GCCAAU",0.940985677,0.936854287,1.996542417,-3.2,-7.6,1.146020453
"1873",2127,"GCCACC",0.46087464,0.141172476,2.293283737,-3.6,-7.5,2.529266216
"1874",2128,"GCCACG",0.91505767,0.832784112,1.676166566,-3.2,-8.1,1.016016615
"1875",2129,"GCCACU",0.769222611,0.914698338,2.070072163,-3.2,-7.5,2.127783601
"1880",2134,"GCCAUA",0.907740265,0.76502597,1.542274703,-3.2,-7.4,1.419865752
"1882",2137,"GCCAUU",0.62035254,1.095135686,2.006811833,-3.2,-7.4,1.35161404
"1995",2269,"GCUGCC",0.146871393,0.115199031,1.383319807,-6.4,-7.5,1.085035044
"2051",2329,"GGAGCC",0.184020605,0.08459081,1.698506403,-4.4,-7,1.679972776
"2093",2372,"GGCCAU",0.653981392,0.808967226,1.46378247,-2.5,-8.4,1.420040432
"2094",2373,"GGCCCA",0.146420463,0.164419992,1.95400931,-4.3,-7.3,1.092761767
"2095",2374,"GGCCCC",0.047932553,0.063392554,2.036309029,-5.9,-7.3,1.589146804
"2097",2376,"GGCCCU",0.135466826,0.286872377,2.138828385,-3.9,-7.3,1.615771304
"2101",2380,"GGCCGU",0.329781412,0.42367521,1.521620434,-3.1,-7.7,1.250524588
"2103",2382,"GGCCUC",0.312404144,0.071651859,1.416511282,-4.7,-7,1.6965971
"2105",2384,"GGCCUU",0.557103199,0.295480351,1.544600199,-2.1,-7,1.258179708
"2110",2389,"GGCGCC",0.23314882,0.140309511,1.150006857,-4.8,-7,2.334938009
"2143",2430,"GGGCAC",0.242938414,0.721794053,1.208263466,-2,-7,1.046889552
"2145",2432,"GGGCAU",0.86175455,0.831202073,1.57594527,-2,-7,1.416097463
"2146",2433,"GGGCCA",0.580303963,0.448878247,0.92532393,-3.9,-11,1.037665524
"2148",2436,"GGGCCU",0.211592081,0.205645283,1.666075333,-3.3,-9.4,1.75722124
"2150",2438,"GGGCGC",0.340825079,0.517217359,1.316441288,-2,-7,1.250759295
"2153",2441,"GGGCUC",0.47451019,0.057389863,1.256902451,-5,-7.8,1.942724946
"2155",2443,"GGGCUU",0.508216165,0.212590454,1.634768687,-2.4,-7.6,1.662933046
"2162",2451,"GGGGGC",0.462732603,0.460143093,0.561888599,-2,-8,1.168928214
"2171",2462,"GGGUCC",0.313626796,0.073874749,1.805227891,-6.5,-7,1.991667288
"2205",2508,"GGUGCC",0.515391433,0.123402102,1.422886424,-6,-7,1.337770303
"2304",2626,"GUCGGC",0.440163707,0.483244656,1.447204856,-5.4,-7.5,1.200390266
"2306",2628,"GUCGGU",0.372504334,0.3989378,1.595376953,-6.3,-7.3,1.118722366
